Symbol  ,Date  ,Expiry  ,Option type  ,Strike Price  ,Open  ,High  ,Low  ,Close  ,LTP  ,Settle Price  ,No. of contracts  ,Turnover * in  ₹ Lakhs,Premium Turnover ** in   ₹ Lakhs,Open Int  ,Change in OI  ,Underlying Value  
ADANIENT,1-Jan-24,25-Jan-24,PE,1750,-,-,-,107.55,-,0.05,-,-,-,-,-,2917.2
ADANIENT,1-Jan-24,25-Jan-24,PE,1800,3.45,4,3.45,3.95,3.6,3.95,25,135.28,0.28,22800,3300,2917.2
ADANIENT,1-Jan-24,25-Jan-24,PE,1850,-,-,-,141.05,-,0.15,-,-,-,-,-,2917.2
ADANIENT,1-Jan-24,25-Jan-24,PE,1900,-,-,-,4.05,4.05,0.3,-,-,-,300,-,2917.2
ADANIENT,1-Jan-24,25-Jan-24,PE,1950,-,-,-,179.9,-,0.5,-,-,-,-,-,2917.2
ADANIENT,1-Jan-24,25-Jan-24,PE,2000,7.5,7.7,5.5,6.35,6.9,6.35,100,601.94,1.94,95700,10800,2917.2
ADANIENT,1-Jan-24,25-Jan-24,PE,2050,-,-,-,224.15,-,1.35,-,-,-,-,-,2917.2
ADANIENT,1-Jan-24,25-Jan-24,PE,2100,8.65,9.7,6.15,6.55,6.55,2.15,9,56.93,0.23,13800,600,2917.2
ADANIENT,1-Jan-24,25-Jan-24,PE,2150,-,-,-,25.1,25.1,3.25,-,-,-,900,-,2917.2
ADANIENT,1-Jan-24,25-Jan-24,PE,2200,10.25,10.5,8.55,9.5,9.45,9.5,112,742.42,3.22,116400,-9900,2917.2
ADANIENT,1-Jan-24,25-Jan-24,PE,2250,-,-,-,327.8,-,7.1,-,-,-,-,-,2917.2
ADANIENT,1-Jan-24,25-Jan-24,PE,2300,13.8,13.9,11.9,12.35,12.65,12.35,262,1817.76,9.96,122100,900,2917.2
ADANIENT,1-Jan-24,25-Jan-24,PE,2350,15.55,16.2,13.65,14.85,15.3,14.85,111,787.46,4.91,12900,-1800,2917.2
ADANIENT,1-Jan-24,25-Jan-24,PE,2400,21.8,21.85,16,16.8,18,16.8,722,5235.94,37.54,153900,-7200,2917.2
ADANIENT,1-Jan-24,25-Jan-24,PE,2450,23.5,23.5,18.95,20.35,21,20.35,112,830.14,6.94,19500,-3300,2917.2
ADANIENT,1-Jan-24,25-Jan-24,PE,2500,28.3,29.15,22.6,24.5,25.2,24.5,1515,11475,112.5,255300,9900,2917.2
ADANIENT,1-Jan-24,25-Jan-24,PE,2550,37.5,37.5,27.5,29.85,31,29.85,259,2005.08,23.73,40800,-9300,2917.2
ADANIENT,1-Jan-24,25-Jan-24,PE,2600,45.55,45.6,34.2,36.8,38.55,36.8,2334,18472.26,267.06,250200,-80700,2917.2
ADANIENT,1-Jan-24,25-Jan-24,PE,2650,57.1,57.15,42.85,46.95,48.55,46.95,553,4474.79,78.44,75600,3000,2917.2
ADANIENT,1-Jan-24,25-Jan-24,PE,2700,70.85,71.35,53.65,57.6,59.05,57.6,3450,28560.82,615.82,498900,-27600,2917.2
ADANIENT,1-Jan-24,25-Jan-24,PE,2750,90,91,67.75,72.4,75.3,72.4,716,6069.99,162.99,64500,300,2917.2
ADANIENT,1-Jan-24,25-Jan-24,PE,2800,98.45,113.1,85,90.5,93,90.5,3667,31850.61,1047.81,393600,60000,2917.2
ADANIENT,1-Jan-24,25-Jan-24,PE,2850,140,140,104.9,111.75,115.6,111.75,1232,10967.69,434.09,92100,8700,2917.2
ADANIENT,1-Jan-24,25-Jan-24,PE,2900,165,167,127.35,136.5,140,136.5,4085,37251.29,1711.79,291000,72600,2917.2
ADANIENT,1-Jan-24,25-Jan-24,PE,2950,190,196.25,154.1,164.6,167.75,164.6,865,8078.94,423.69,43500,19200,2917.2
ADANIENT,1-Jan-24,25-Jan-24,PE,3000,232.3,232.3,182.05,195.05,201.7,195.05,1071,10267.95,628.95,330600,73200,2917.2
ADANIENT,1-Jan-24,25-Jan-24,PE,3050,262.1,262.25,215.15,232.5,230.75,232.5,84,826.68,58.08,13800,-1800,2917.2
ADANIENT,1-Jan-24,25-Jan-24,PE,3100,300.9,305.45,249.45,260.9,269.8,260.9,177,1788.37,142.27,79500,10500,2917.2
ADANIENT,1-Jan-24,25-Jan-24,PE,3150,315,315,286.7,303.5,305.15,303.5,29,300.16,26.11,3000,2700,2917.2
ADANIENT,1-Jan-24,25-Jan-24,PE,3200,384.1,384.1,321.9,336.25,344.55,336.25,75,795.13,75.13,54300,5100,2917.2
ADANIENT,1-Jan-24,25-Jan-24,PE,3250,374.1,374.1,363.2,363.2,363.2,389.85,14,151.88,15.38,1800,-3300,2917.2
ADANIENT,1-Jan-24,25-Jan-24,PE,3300,-,-,-,478.55,478.55,429.05,-,-,-,81600,-,2917.2
ADANIENT,1-Jan-24,25-Jan-24,PE,3350,450.95,450.95,450.95,450.95,450.95,469.55,1,11.4,1.35,300,300,2917.2
ADANIENT,1-Jan-24,25-Jan-24,PE,3400,-,-,-,585,585,511.3,-,-,-,1800,-,2917.2
ADANIENT,1-Jan-24,25-Jan-24,PE,3450,-,-,-,1031.65,-,554.2,-,-,-,-,-,2917.2
ADANIENT,1-Jan-24,25-Jan-24,PE,3500,-,-,-,665,665,598.05,-,-,-,9600,-,2917.2
ADANIENT,1-Jan-24,25-Jan-24,PE,3550,-,-,-,1025.4,-,642.75,-,-,-,-,-,2917.2
ADANIENT,2-Jan-24,25-Jan-24,PE,1750,-,-,-,107.55,-,0.05,-,-,-,-,-,2932.4
ADANIENT,2-Jan-24,25-Jan-24,PE,1800,3.95,4,2.5,3.1,3.1,3.1,25,135.24,0.24,23100,300,2932.4
ADANIENT,2-Jan-24,25-Jan-24,PE,1850,-,-,-,141.05,-,0.1,-,-,-,-,-,2932.4
ADANIENT,2-Jan-24,25-Jan-24,PE,1900,-,-,-,4.05,4.05,0.2,-,-,-,300,-,2932.4
ADANIENT,2-Jan-24,25-Jan-24,PE,1950,-,-,-,179.9,-,0.35,-,-,-,-,-,2932.4
ADANIENT,2-Jan-24,25-Jan-24,PE,2000,6.35,7.3,5.15,5.55,5.95,5.55,74,445.38,1.38,104100,8400,2932.4
ADANIENT,2-Jan-24,25-Jan-24,PE,2050,-,-,-,224.15,-,1,-,-,-,-,-,2932.4
ADANIENT,2-Jan-24,25-Jan-24,PE,2100,6.55,8,6,6.4,6,6.4,21,132.73,0.43,15900,2100,2932.4
ADANIENT,2-Jan-24,25-Jan-24,PE,2150,7.1,7.1,7,7.05,7,7.05,4,25.88,0.08,900,-,2932.4
ADANIENT,2-Jan-24,25-Jan-24,PE,2200,9.5,10.45,6.8,7.6,7.9,7.6,148,980.42,3.62,111000,-5400,2932.4
ADANIENT,2-Jan-24,25-Jan-24,PE,2250,-,-,-,327.8,-,5.8,-,-,-,-,-,2932.4
ADANIENT,2-Jan-24,25-Jan-24,PE,2300,12,14.5,10.25,11.2,10.85,11.2,293,2032.57,10.87,117000,-5100,2932.4
ADANIENT,2-Jan-24,25-Jan-24,PE,2350,14.7,17.05,12.35,13,12.6,13,225,1596.21,9.96,47700,34800,2932.4
ADANIENT,2-Jan-24,25-Jan-24,PE,2400,17.65,20.5,14.55,15.8,14.95,15.8,704,5104.26,35.46,199800,45900,2932.4
ADANIENT,2-Jan-24,25-Jan-24,PE,2450,21.25,24.75,17.9,18.25,18.3,18.25,105,778.21,6.46,22200,2700,2932.4
ADANIENT,2-Jan-24,25-Jan-24,PE,2500,24.55,30.25,21.35,22.35,22.5,22.35,1290,9770.53,95.53,269400,14100,2932.4
ADANIENT,2-Jan-24,25-Jan-24,PE,2550,30,36.8,26,27.55,27.6,27.55,167,1292.79,15.24,41400,600,2932.4
ADANIENT,2-Jan-24,25-Jan-24,PE,2600,36.5,46.8,32.05,33.8,33.4,33.8,1577,12483.34,182.74,260100,9900,2932.4
ADANIENT,2-Jan-24,25-Jan-24,PE,2650,46.7,59,40.05,42.25,41.25,42.25,611,4947.05,89.6,101700,26100,2932.4
ADANIENT,2-Jan-24,25-Jan-24,PE,2700,57.9,73.85,49.95,52.5,51.6,52.5,3262,27002.19,579.99,503400,4500,2932.4
ADANIENT,2-Jan-24,25-Jan-24,PE,2750,75.3,92,63.45,66.3,65.6,66.3,721,6112.84,164.59,119700,55200,2932.4
ADANIENT,2-Jan-24,25-Jan-24,PE,2800,85.8,114.9,79,82.8,81.1,82.8,4270,37078.78,1210.78,407400,13800,2932.4
ADANIENT,2-Jan-24,25-Jan-24,PE,2850,115,140,99.4,103.8,102.2,103.8,1003,8927.79,352.14,99300,7200,2932.4
ADANIENT,2-Jan-24,25-Jan-24,PE,2900,137.15,169.35,121.9,126.65,125,126.65,4855,44285.99,2047.49,306300,15300,2932.4
ADANIENT,2-Jan-24,25-Jan-24,PE,2950,167.05,201.3,147.6,153.7,154,153.7,480,4488.25,240.25,57300,13800,2932.4
ADANIENT,2-Jan-24,25-Jan-24,PE,3000,196.5,235,176.6,182.75,183.5,182.75,539,5171.47,320.47,347700,17100,2932.4
ADANIENT,2-Jan-24,25-Jan-24,PE,3050,240.65,270.2,207.7,215.85,219.25,215.85,72,708.53,49.73,17400,3600,2932.4
ADANIENT,2-Jan-24,25-Jan-24,PE,3100,272.75,308.7,241,250.45,247.25,250.45,167,1687.83,134.73,97800,18300,2932.4
ADANIENT,2-Jan-24,25-Jan-24,PE,3150,288,288,278.25,285.65,286.6,285.65,5,51.52,4.27,2700,-300,2932.4
ADANIENT,2-Jan-24,25-Jan-24,PE,3200,384.65,385,316.25,324.95,322.05,324.95,26,275.97,26.37,57900,3600,2932.4
ADANIENT,2-Jan-24,25-Jan-24,PE,3250,366.2,366.8,366.2,366.8,366.8,375.75,3,32.55,3.3,1500,-300,2932.4
ADANIENT,2-Jan-24,25-Jan-24,PE,3300,451.7,451.7,426.95,426.95,426.95,414.65,4,44.82,5.22,81900,300,2932.4
ADANIENT,2-Jan-24,25-Jan-24,PE,3350,452.7,452.7,452.7,452.7,452.7,452.7,1,11.41,1.36,600,300,2932.4
ADANIENT,2-Jan-24,25-Jan-24,PE,3400,-,-,-,585,585,496.6,-,-,-,1800,-,2932.4
ADANIENT,2-Jan-24,25-Jan-24,PE,3450,-,-,-,1031.65,-,539.35,-,-,-,-,-,2932.4
ADANIENT,2-Jan-24,25-Jan-24,PE,3500,-,-,-,665,665,583.15,-,-,-,9600,-,2932.4
ADANIENT,2-Jan-24,25-Jan-24,PE,3550,-,-,-,1025.4,-,627.8,-,-,-,-,-,2932.4
ADANIENT,3-Jan-24,25-Jan-24,PE,1750,-,-,-,107.55,-,0.05,-,-,-,-,-,3003
ADANIENT,3-Jan-24,25-Jan-24,PE,1800,3.05,6.5,3.05,4.15,4.3,4.15,675,3654.94,9.94,74100,51000,3003
ADANIENT,3-Jan-24,25-Jan-24,PE,1850,-,-,-,141.05,-,0.05,-,-,-,-,-,3003
ADANIENT,3-Jan-24,25-Jan-24,PE,1900,-,-,-,4.05,4.05,0.1,-,-,-,300,-,3003
ADANIENT,3-Jan-24,25-Jan-24,PE,1950,-,-,-,179.9,-,0.15,-,-,-,-,-,3003
ADANIENT,3-Jan-24,25-Jan-24,PE,2000,5.85,11,5.8,6.6,6.8,6.6,1699,10234.75,40.75,135000,30900,3003
ADANIENT,3-Jan-24,25-Jan-24,PE,2050,6.95,6.95,6.95,6.95,6.95,0.5,2,12.34,0.04,600,600,3003
ADANIENT,3-Jan-24,25-Jan-24,PE,2100,7,16,7,8,7.5,8,570,3609.37,18.37,39900,24000,3003
ADANIENT,3-Jan-24,25-Jan-24,PE,2150,11.5,18,8.15,9.05,9.05,1.4,64,415.38,2.58,5100,4200,3003
ADANIENT,3-Jan-24,25-Jan-24,PE,2200,8,20.95,5.35,10.2,5.35,10.2,1920,12755.77,83.77,169200,58200,3003
ADANIENT,3-Jan-24,25-Jan-24,PE,2250,13.05,21.2,11.1,12.85,13.55,12.85,82,557.25,3.75,11700,11700,3003
ADANIENT,3-Jan-24,25-Jan-24,PE,2300,16,27,11,13.7,14.5,13.7,2707,18820.6,142.3,204000,87000,3003
ADANIENT,3-Jan-24,25-Jan-24,PE,2350,15,31.05,14.35,16,16.95,16,1043,7419.42,66.27,66300,18600,3003
ADANIENT,3-Jan-24,25-Jan-24,PE,2400,16,35.6,16,18.2,17.85,18.2,4203,30566.98,305.38,217800,18000,3003
ADANIENT,3-Jan-24,25-Jan-24,PE,2450,19.25,41,18.6,20.8,21,20.8,1760,13076.31,140.31,58500,36300,3003
ADANIENT,3-Jan-24,25-Jan-24,PE,2500,22.1,48.15,21.65,24.55,25.25,24.55,17926,136043.27,1598.27,534000,264600,3003
ADANIENT,3-Jan-24,25-Jan-24,PE,2550,27.55,54.65,25.15,28.5,28.55,28.5,5914,45820.81,578.71,102600,61200,3003
ADANIENT,3-Jan-24,25-Jan-24,PE,2600,33.8,65.65,29.5,33.65,34,33.65,11799,93491.9,1459.7,412800,152700,3003
ADANIENT,3-Jan-24,25-Jan-24,PE,2650,43.95,75.45,35.15,40.25,40.9,40.25,6000,48545.44,845.44,166800,65100,3003
ADANIENT,3-Jan-24,25-Jan-24,PE,2700,50,88.3,42.2,48.75,49,48.75,19567,161948.56,3455.86,680400,177000,3003
ADANIENT,3-Jan-24,25-Jan-24,PE,2750,60,104.15,51.6,60.25,85,60.25,5411,45737.7,1096.95,184500,64800,3003
ADANIENT,3-Jan-24,25-Jan-24,PE,2800,56.95,121.45,56.95,74.05,76.9,74.05,24443,211564.81,6243.61,678000,270600,3003
ADANIENT,3-Jan-24,25-Jan-24,PE,2850,66.4,139.25,66.4,92.05,94.55,92.05,4539,40181.32,1372.87,153900,54600,3003
ADANIENT,3-Jan-24,25-Jan-24,PE,2900,111,164.1,92,113.5,114.95,113.5,19138,173658.74,7158.14,536400,230100,3003
ADANIENT,3-Jan-24,25-Jan-24,PE,2950,139.6,187.6,113.95,138.1,129.1,138.1,4478,41623.3,1993,83700,26400,3003
ADANIENT,3-Jan-24,25-Jan-24,PE,3000,153,216.7,130.35,165.45,166.95,165.45,30524,290923.65,16207.65,918600,570900,3003
ADANIENT,3-Jan-24,25-Jan-24,PE,3050,217,245.05,155.7,195.7,196.5,195.7,4423,43221.89,2751.44,132300,114900,3003
ADANIENT,3-Jan-24,25-Jan-24,PE,3100,240.45,277.75,182.6,228.85,227.75,228.85,12015,120103.62,8364.12,268200,170400,3003
ADANIENT,3-Jan-24,25-Jan-24,PE,3150,301.2,315.15,211.5,262.65,262,262.65,1994,20394.86,1551.56,70800,68100,3003
ADANIENT,3-Jan-24,25-Jan-24,PE,3200,277.25,346.15,239.25,299.5,298.55,299.5,4747,49720.61,4149.41,180600,122700,3003
ADANIENT,3-Jan-24,25-Jan-24,PE,3250,326,362.25,278.85,334.05,336.65,334.05,164,1758.85,159.85,13500,12000,3003
ADANIENT,3-Jan-24,25-Jan-24,PE,3300,414.95,415,306.8,376.35,376.05,376.35,778,8554.9,852.7,119100,37200,3003
ADANIENT,3-Jan-24,25-Jan-24,PE,3350,447.1,447.1,360.3,415.5,418.85,415.5,109,1231.03,135.58,24600,24000,3003
ADANIENT,3-Jan-24,25-Jan-24,PE,3400,483,500,369.35,458.35,462,458.35,169,1947.43,223.63,29100,27300,3003
ADANIENT,3-Jan-24,25-Jan-24,PE,3450,453.1,532.05,423.95,504.1,504.1,504.1,97,1150.08,146.13,23400,23400,3003
ADANIENT,3-Jan-24,25-Jan-24,PE,3500,570,579.05,442,544.85,542,544.85,451,5446.64,711.14,75600,66000,3003
ADANIENT,3-Jan-24,25-Jan-24,PE,3550,525.65,622.85,482.25,589.05,589.05,589.05,86,1061.62,145.72,12300,12300,3003
ADANIENT,4-Jan-24,25-Jan-24,PE,1750,-,-,-,107.55,-,0.05,-,-,-,-,-,2998.3
ADANIENT,4-Jan-24,25-Jan-24,PE,1800,3.05,4,2,2.75,2.7,2.75,98,529.97,0.77,66000,-8100,2998.3
ADANIENT,4-Jan-24,25-Jan-24,PE,1850,-,-,-,141.05,-,0.05,-,-,-,-,-,2998.3
ADANIENT,4-Jan-24,25-Jan-24,PE,1900,3.1,3.1,3.1,3.1,3.1,3.1,1,5.71,0.01,300,-,2998.3
ADANIENT,4-Jan-24,25-Jan-24,PE,1950,-,-,-,179.9,-,0.1,-,-,-,-,-,2998.3
ADANIENT,4-Jan-24,25-Jan-24,PE,2000,4.7,5.9,4.15,5.2,5.15,5.2,142,854.11,2.11,126600,-8400,2998.3
ADANIENT,4-Jan-24,25-Jan-24,PE,2050,-,-,-,6.95,6.95,0.4,-,-,-,600,-,2998.3
ADANIENT,4-Jan-24,25-Jan-24,PE,2100,6.5,6.75,5.05,6.2,6.25,6.2,69,435.92,1.22,38400,-1500,2998.3
ADANIENT,4-Jan-24,25-Jan-24,PE,2150,-,-,-,9.05,9.05,1.2,-,-,-,5100,-,2998.3
ADANIENT,4-Jan-24,25-Jan-24,PE,2200,8.8,10.6,7.25,7.9,7.85,7.9,186,1232.21,4.61,171900,2700,2998.3
ADANIENT,4-Jan-24,25-Jan-24,PE,2250,10,10,8.55,9.6,9.6,9.6,7,47.45,0.2,10500,-1200,2998.3
ADANIENT,4-Jan-24,25-Jan-24,PE,2300,12.65,12.65,10.1,10.8,10.8,10.8,311,2156.19,10.29,202800,-1200,2998.3
ADANIENT,4-Jan-24,25-Jan-24,PE,2350,12.75,13.65,11.7,12.1,12.1,12.1,77,545.83,2.98,58500,-7800,2998.3
ADANIENT,4-Jan-24,25-Jan-24,PE,2400,16.7,19.95,13,14,14.2,14,707,5121.35,30.95,236100,18300,2998.3
ADANIENT,4-Jan-24,25-Jan-24,PE,2450,21,21.5,14.85,16.35,16.55,16.35,333,2464.94,17.39,56400,-2100,2998.3
ADANIENT,4-Jan-24,25-Jan-24,PE,2500,24.75,24.75,16.85,18.85,19.3,18.85,1567,11846.28,93.78,510000,-24000,2998.3
ADANIENT,4-Jan-24,25-Jan-24,PE,2550,28.55,28.55,19.45,21.65,22.25,21.65,1869,14436.37,138.52,107400,4800,2998.3
ADANIENT,4-Jan-24,25-Jan-24,PE,2600,30.95,34.05,22.55,25.45,25.85,25.45,2975,23458.97,253.97,441900,29100,2998.3
ADANIENT,4-Jan-24,25-Jan-24,PE,2650,34.95,40.4,27.5,30.25,31.8,30.25,1855,14939.2,191.95,164700,-2100,2998.3
ADANIENT,4-Jan-24,25-Jan-24,PE,2700,45.45,48.6,32.8,36.7,37.85,36.7,4294,35312.64,531.24,654600,-25800,2998.3
ADANIENT,4-Jan-24,25-Jan-24,PE,2750,53.8,60,41.65,46.85,47.5,46.85,2074,17437.94,327.44,198000,13500,2998.3
ADANIENT,4-Jan-24,25-Jan-24,PE,2800,76.9,76.9,52.9,58.65,61,58.65,6565,56400,1254,735900,57900,2998.3
ADANIENT,4-Jan-24,25-Jan-24,PE,2850,94.4,94.4,67.5,75.4,77.5,75.4,1846,16238.63,455.33,172500,18600,2998.3
ADANIENT,4-Jan-24,25-Jan-24,PE,2900,101,111.8,85.4,95.6,97.6,95.6,4883,43940.47,1458.37,556500,20100,2998.3
ADANIENT,4-Jan-24,25-Jan-24,PE,2950,124.2,134.85,107.8,120.75,122,120.75,1273,11741.79,475.74,90300,6600,2998.3
ADANIENT,4-Jan-24,25-Jan-24,PE,3000,146.05,162.45,132,146.5,150,146.5,7627,72056.76,3413.76,922200,3600,2998.3
ADANIENT,4-Jan-24,25-Jan-24,PE,3050,188.55,194.9,161.05,177.5,182,177.5,909,8803.58,486.23,126300,-6000,2998.3
ADANIENT,4-Jan-24,25-Jan-24,PE,3100,210,224.8,192.95,210.35,215.35,210.35,777,7715.75,489.65,247500,-20700,2998.3
ADANIENT,4-Jan-24,25-Jan-24,PE,3150,249,256,227.4,248.4,248.75,248.4,81,824.94,59.49,64800,-6000,2998.3
ADANIENT,4-Jan-24,25-Jan-24,PE,3200,286.1,292.8,262.25,280.1,285,280.1,489,5103.24,408.84,184500,3900,2998.3
ADANIENT,4-Jan-24,25-Jan-24,PE,3250,325.2,325.2,302.5,302.5,302.5,323.1,4,42.8,3.8,14100,600,2998.3
ADANIENT,4-Jan-24,25-Jan-24,PE,3300,350.85,364.85,340,359.8,359.8,359.8,42,460.39,44.59,118500,-600,2998.3
ADANIENT,4-Jan-24,25-Jan-24,PE,3350,405.5,413.45,391.6,391.6,391.6,398.9,4,45.05,4.85,25200,600,2998.3
ADANIENT,4-Jan-24,25-Jan-24,PE,3400,441.85,446,419,431,431,439.1,5,57.54,6.54,29100,-,2998.3
ADANIENT,4-Jan-24,25-Jan-24,PE,3450,481.9,481.9,481.9,481.9,481.9,480.65,1,11.8,1.45,23400,-,2998.3
ADANIENT,4-Jan-24,25-Jan-24,PE,3500,523,546.6,518,534.25,534.25,523.35,23,278.38,36.88,74400,-1200,2998.3
ADANIENT,4-Jan-24,25-Jan-24,PE,3550,-,-,-,589.05,589.05,567.15,-,-,-,12300,-,2998.3
ADANIENT,5-Jan-24,25-Jan-24,PE,1750,2,2,2,2,2,0.05,1,5.26,0.01,300,300,3006.6
ADANIENT,5-Jan-24,25-Jan-24,PE,1800,2,2.55,2,2.55,2.55,2.55,47,254.11,0.31,67800,1800,3006.6
ADANIENT,5-Jan-24,25-Jan-24,PE,1850,-,-,-,141.05,-,0.05,-,-,-,-,-,3006.6
ADANIENT,5-Jan-24,25-Jan-24,PE,1900,3.9,3.9,3.75,3.75,3.75,3.75,6,34.27,0.07,1800,1500,3006.6
ADANIENT,5-Jan-24,25-Jan-24,PE,1950,-,-,-,179.9,-,0.1,-,-,-,-,-,3006.6
ADANIENT,5-Jan-24,25-Jan-24,PE,2000,5.2,5.2,3.3,4,4,4,129,775.49,1.49,124800,-1800,3006.6
ADANIENT,5-Jan-24,25-Jan-24,PE,2050,3.8,3.8,3.8,3.8,3.8,0.3,3,18.48,0.03,300,-300,3006.6
ADANIENT,5-Jan-24,25-Jan-24,PE,2100,4.15,5.25,4,4.35,4.4,4.35,76,479.8,1,36900,-1500,3006.6
ADANIENT,5-Jan-24,25-Jan-24,PE,2150,-,-,-,9.05,9.05,0.9,-,-,-,5100,-,3006.6
ADANIENT,5-Jan-24,25-Jan-24,PE,2200,7.2,7.2,5.25,5.8,5.9,5.8,139,919.82,2.42,170100,-1800,3006.6
ADANIENT,5-Jan-24,25-Jan-24,PE,2250,7,7,7,7,7,2.35,8,54.17,0.17,8700,-1800,3006.6
ADANIENT,5-Jan-24,25-Jan-24,PE,2300,10.2,10.35,6.95,7.95,7.9,7.95,269,1862.7,6.6,200700,-2100,3006.6
ADANIENT,5-Jan-24,25-Jan-24,PE,2350,9.1,9.9,8.95,9,9,9,36,254.8,1,54300,-4200,3006.6
ADANIENT,5-Jan-24,25-Jan-24,PE,2400,13.65,13.95,10,10.55,10.55,10.55,474,3428.52,15.72,237900,1800,3006.6
ADANIENT,5-Jan-24,25-Jan-24,PE,2450,15.35,15.35,11.85,12.2,12.3,12.2,166,1226.42,6.32,46500,-9900,3006.6
ADANIENT,5-Jan-24,25-Jan-24,PE,2500,19.35,19.35,13.75,14.75,14.6,14.75,988,7454.5,44.5,509700,-300,3006.6
ADANIENT,5-Jan-24,25-Jan-24,PE,2550,22,22,15.45,17.3,17.65,17.3,723,5567.88,36.93,96900,-10500,3006.6
ADANIENT,5-Jan-24,25-Jan-24,PE,2600,23.8,24.2,18.05,20.5,21,20.5,1454,11428.02,86.82,424200,-17700,3006.6
ADANIENT,5-Jan-24,25-Jan-24,PE,2650,28.1,29.1,21.95,25.1,24.95,25.1,840,6739.37,61.37,158700,-6000,3006.6
ADANIENT,5-Jan-24,25-Jan-24,PE,2700,37.3,37.35,26.2,30.95,27.9,30.95,2777,22738.27,244.57,540900,-113700,3006.6
ADANIENT,5-Jan-24,25-Jan-24,PE,2750,43.8,44.05,33.05,39.45,39.8,39.45,1011,8453.3,112.55,187500,-10500,3006.6
ADANIENT,5-Jan-24,25-Jan-24,PE,2800,62.1,62.1,41.8,50.8,49.1,50.8,5029,42963.94,720.34,650700,-85200,3006.6
ADANIENT,5-Jan-24,25-Jan-24,PE,2850,70,72.9,53.9,65.35,65.1,65.35,914,7982.72,168.02,187800,15300,3006.6
ADANIENT,5-Jan-24,25-Jan-24,PE,2900,98.85,98.9,69.3,83.8,81.25,83.8,4374,39092.45,1038.65,515100,-41400,3006.6
ADANIENT,5-Jan-24,25-Jan-24,PE,2950,106.7,117.35,89,105.3,104.45,105.3,1450,13267.94,435.44,108900,18600,3006.6
ADANIENT,5-Jan-24,25-Jan-24,PE,3000,155,155,110.5,131.05,133.55,131.05,6976,65402.1,2618.1,859200,-63000,3006.6
ADANIENT,5-Jan-24,25-Jan-24,PE,3050,169.7,174.75,138,160.45,159.45,160.45,2041,19611.6,936.45,126600,300,3006.6
ADANIENT,5-Jan-24,25-Jan-24,PE,3100,193.9,208.05,165.7,191.8,189.25,191.8,1298,12781.69,710.29,241800,-5700,3006.6
ADANIENT,5-Jan-24,25-Jan-24,PE,3150,225.1,245,198.1,226.05,224.5,226.05,131,1323.39,85.44,72300,7500,3006.6
ADANIENT,5-Jan-24,25-Jan-24,PE,3200,271,283,232,264,264.95,264,327,3391.06,251.86,193800,9300,3006.6
ADANIENT,5-Jan-24,25-Jan-24,PE,3250,313,313,266.5,277.4,277.4,313.8,17,180.34,14.59,15900,1800,3006.6
ADANIENT,5-Jan-24,25-Jan-24,PE,3300,347.95,352.6,307.35,345,345,350.8,26,282.81,25.41,117900,-600,3006.6
ADANIENT,5-Jan-24,25-Jan-24,PE,3350,-,-,-,391.6,391.6,389.55,-,-,-,25200,-,3006.6
ADANIENT,5-Jan-24,25-Jan-24,PE,3400,385.05,395,385,395,395,429.75,8,90.87,9.27,29400,300,3006.6
ADANIENT,5-Jan-24,25-Jan-24,PE,3450,-,-,-,481.9,481.9,471.35,-,-,-,23400,-,3006.6
ADANIENT,5-Jan-24,25-Jan-24,PE,3500,505,521,465,514.1,514,514.1,8,95.98,11.98,74400,-,3006.6
ADANIENT,5-Jan-24,25-Jan-24,PE,3550,-,-,-,589.05,589.05,558.05,-,-,-,12300,-,3006.6
ADANIENT,8-Jan-24,25-Jan-24,PE,1750,-,-,-,2,2,0.05,-,-,-,300,-,2963.5
ADANIENT,8-Jan-24,25-Jan-24,PE,1800,2.9,3,2.75,3,3,0.05,17,91.95,0.15,71100,3300,2963.5
ADANIENT,8-Jan-24,25-Jan-24,PE,1850,-,-,-,141.05,-,0.05,-,-,-,-,-,2963.5
ADANIENT,8-Jan-24,25-Jan-24,PE,1900,-,-,-,3.75,3.75,0.05,-,-,-,1800,-,2963.5
ADANIENT,8-Jan-24,25-Jan-24,PE,1950,-,-,-,179.9,-,0.05,-,-,-,-,-,2963.5
ADANIENT,8-Jan-24,25-Jan-24,PE,2000,3.6,4.4,3.15,4.35,4.4,4.35,66,396.76,0.76,120000,-4800,2963.5
ADANIENT,8-Jan-24,25-Jan-24,PE,2050,-,-,-,3.8,3.8,0.2,-,-,-,300,-,2963.5
ADANIENT,8-Jan-24,25-Jan-24,PE,2100,4,4.55,4,4.25,4.3,4.25,28,176.75,0.35,35700,-1200,2963.5
ADANIENT,8-Jan-24,25-Jan-24,PE,2150,5,5,4,4.1,4.1,0.6,4,25.85,0.05,4800,-300,2963.5
ADANIENT,8-Jan-24,25-Jan-24,PE,2200,5.5,5.85,5.15,5.35,5.45,5.35,71,469.77,1.17,166800,-3300,2963.5
ADANIENT,8-Jan-24,25-Jan-24,PE,2250,4.5,6,4.5,6,6,1.8,2,13.53,0.03,8400,-300,2963.5
ADANIENT,8-Jan-24,25-Jan-24,PE,2300,7.95,8.05,6.2,6.75,7,6.75,112,775.21,2.41,189300,-11400,2963.5
ADANIENT,8-Jan-24,25-Jan-24,PE,2350,9.15,9.15,7.85,8.3,7.85,8.3,34,240.57,0.87,54900,600,2963.5
ADANIENT,8-Jan-24,25-Jan-24,PE,2400,10.15,11.25,8.65,9.6,8.65,9.6,345,2494.02,10.02,223200,-14700,2963.5
ADANIENT,8-Jan-24,25-Jan-24,PE,2450,13,13.25,10.5,11.45,10.85,11.45,42,310.14,1.44,43500,-3000,2963.5
ADANIENT,8-Jan-24,25-Jan-24,PE,2500,13.85,15.9,10.05,13.2,12.1,13.2,818,6167.67,32.67,479400,-30300,2963.5
ADANIENT,8-Jan-24,25-Jan-24,PE,2550,15.35,18.45,13.8,15.45,14.2,15.45,515,3963.58,23.83,75000,-21900,2963.5
ADANIENT,8-Jan-24,25-Jan-24,PE,2600,18.8,22.15,16,18.65,17.4,18.65,1515,11900.08,83.08,380100,-44100,2963.5
ADANIENT,8-Jan-24,25-Jan-24,PE,2650,22.95,26.8,19.85,22.55,21.45,22.55,765,6134.3,52.55,161700,3000,2963.5
ADANIENT,8-Jan-24,25-Jan-24,PE,2700,26.35,33.3,24.7,29.1,27.85,29.1,1896,15515.85,158.25,547800,6900,2963.5
ADANIENT,8-Jan-24,25-Jan-24,PE,2750,36.05,42.35,32.4,37.9,36,37.9,801,6696.58,88.33,162600,-24900,2963.5
ADANIENT,8-Jan-24,25-Jan-24,PE,2800,45.9,54.15,42.4,50.1,47.85,50.1,3328,28426.68,471.48,615900,-34800,2963.5
ADANIENT,8-Jan-24,25-Jan-24,PE,2850,63,70.6,56,65.6,63.3,65.6,443,3870.37,82.72,179100,-8700,2963.5
ADANIENT,8-Jan-24,25-Jan-24,PE,2900,77.85,90.55,72.05,85.45,82.65,85.45,3929,35127.45,945.15,584700,69600,2963.5
ADANIENT,8-Jan-24,25-Jan-24,PE,2950,97.85,116,93.65,109.6,107.1,109.6,891,8162.47,277.12,111900,3000,2963.5
ADANIENT,8-Jan-24,25-Jan-24,PE,3000,133.55,144.2,118,137.35,130.25,137.35,5817,54602.07,2249.07,983700,124500,2963.5
ADANIENT,8-Jan-24,25-Jan-24,PE,3050,152.85,175.85,146.3,169.75,170.1,169.75,420,4043.97,200.97,120300,-6300,2963.5
ADANIENT,8-Jan-24,25-Jan-24,PE,3100,181.8,213,180.9,206.75,201,206.75,351,3468.03,203.73,235500,-6300,2963.5
ADANIENT,8-Jan-24,25-Jan-24,PE,3150,210,249.45,210,244.5,245.85,244.5,62,628.78,42.88,68400,-3900,2963.5
ADANIENT,8-Jan-24,25-Jan-24,PE,3200,250.75,291.7,250.75,285.6,283.35,285.6,87,905.76,70.56,188700,-5100,2963.5
ADANIENT,8-Jan-24,25-Jan-24,PE,3250,315,317.45,300,317.45,317.45,317.45,4,42.7,3.7,15600,-300,2963.5
ADANIENT,8-Jan-24,25-Jan-24,PE,3300,341.9,360,341.9,357.9,357.9,373.55,17,186.22,17.92,116700,-1200,2963.5
ADANIENT,8-Jan-24,25-Jan-24,PE,3350,-,-,-,391.6,391.6,414.65,-,-,-,25200,-,2963.5
ADANIENT,8-Jan-24,25-Jan-24,PE,3400,-,-,-,395,395,457.15,-,-,-,29400,-,2963.5
ADANIENT,8-Jan-24,25-Jan-24,PE,3450,-,-,-,481.9,481.9,500.9,-,-,-,23400,-,2963.5
ADANIENT,8-Jan-24,25-Jan-24,PE,3500,521,550.8,520.2,547.95,550,547.95,8,96.91,12.91,74700,300,2963.5
ADANIENT,8-Jan-24,25-Jan-24,PE,3550,-,-,-,589.05,589.05,591.4,-,-,-,12300,-,2963.5
ADANIENT,9-Jan-24,25-Jan-24,PE,1750,-,-,-,2,2,0.05,-,-,-,300,-,3014.6
ADANIENT,9-Jan-24,25-Jan-24,PE,1800,2.9,3,2.05,2.2,2.1,2.2,27,146.01,0.21,71100,-,3014.6
ADANIENT,9-Jan-24,25-Jan-24,PE,1850,-,-,-,141.05,-,0.05,-,-,-,-,-,3014.6
ADANIENT,9-Jan-24,25-Jan-24,PE,1900,0.35,1.5,0.35,1.5,1.5,0.05,4,22.81,0.01,1500,-300,3014.6
ADANIENT,9-Jan-24,25-Jan-24,PE,1950,-,-,-,179.9,-,0.05,-,-,-,-,-,3014.6
ADANIENT,9-Jan-24,25-Jan-24,PE,2000,2.5,3.95,2.5,3.25,3.45,3.25,104,625.06,1.06,121500,1500,3014.6
ADANIENT,9-Jan-24,25-Jan-24,PE,2050,-,-,-,3.8,3.8,0.1,-,-,-,300,-,3014.6
ADANIENT,9-Jan-24,25-Jan-24,PE,2100,3.6,4.2,3.35,3.65,3.7,3.65,27,170.4,0.3,34800,-900,3014.6
ADANIENT,9-Jan-24,25-Jan-24,PE,2150,3.1,4.1,3.1,4.05,4.05,0.3,4,25.85,0.05,4800,-,3014.6
ADANIENT,9-Jan-24,25-Jan-24,PE,2200,5.35,5.35,4.2,4.35,4.2,4.35,62,410.08,0.88,165600,-1200,3014.6
ADANIENT,9-Jan-24,25-Jan-24,PE,2250,5,5,5,5,5,0.95,1,6.76,0.01,8400,-,3014.6
ADANIENT,9-Jan-24,25-Jan-24,PE,2300,5.3,6.65,4.9,5.05,5.2,5.05,144,995.94,2.34,169200,-20100,3014.6
ADANIENT,9-Jan-24,25-Jan-24,PE,2350,6.5,6.5,6,6,6,2.65,14,98.96,0.26,53700,-1200,3014.6
ADANIENT,9-Jan-24,25-Jan-24,PE,2400,10,10,6.45,7.15,6.7,7.15,634,4578.35,13.55,215100,-8100,3014.6
ADANIENT,9-Jan-24,25-Jan-24,PE,2450,9,9,7,7.2,7,7.2,24,176.98,0.58,39900,-3600,3014.6
ADANIENT,9-Jan-24,25-Jan-24,PE,2500,10.7,11,8.6,9.65,9.95,9.65,1137,8560.43,32.93,453600,-25800,3014.6
ADANIENT,9-Jan-24,25-Jan-24,PE,2550,12.7,12.7,9.85,10.8,10.65,10.8,568,4364.12,18.92,62400,-12600,3014.6
ADANIENT,9-Jan-24,25-Jan-24,PE,2600,15.05,15.35,11.45,12.5,11.65,12.5,1811,14197.25,71.45,306900,-73200,3014.6
ADANIENT,9-Jan-24,25-Jan-24,PE,2650,18.7,18.95,13.9,15.15,14.9,15.15,1131,9044.26,52.81,113400,-48300,3014.6
ADANIENT,9-Jan-24,25-Jan-24,PE,2700,33.4,33.4,17.5,18.95,18,18.95,3389,27651.21,200.31,501000,-46800,3014.6
ADANIENT,9-Jan-24,25-Jan-24,PE,2750,34,34,22.85,24.65,23.7,24.65,1136,9460.42,88.42,149100,-13500,3014.6
ADANIENT,9-Jan-24,25-Jan-24,PE,2800,49.05,49.45,29.55,33.15,31.2,33.15,5490,46672.82,556.82,559500,-56400,3014.6
ADANIENT,9-Jan-24,25-Jan-24,PE,2850,58,58,39.5,44.5,42,44.5,1302,11307.96,175.86,177000,-2100,3014.6
ADANIENT,9-Jan-24,25-Jan-24,PE,2900,74.6,76.4,52.3,59.75,57,59.75,5809,51591.5,1053.2,602100,17400,3014.6
ADANIENT,9-Jan-24,25-Jan-24,PE,2950,94.1,97,69,79.8,77,79.8,1400,12718.73,328.73,132000,20100,3014.6
ADANIENT,9-Jan-24,25-Jan-24,PE,3000,125,125.1,89.25,103.65,97.9,103.65,7690,71566.95,2356.95,1200900,217200,3014.6
ADANIENT,9-Jan-24,25-Jan-24,PE,3050,152.15,153.05,115,133.35,124.9,133.35,1900,18112.61,727.61,168600,48300,3014.6
ADANIENT,9-Jan-24,25-Jan-24,PE,3100,182.5,185,143.25,164.8,160.5,164.8,1505,14699.5,703,268500,33000,3014.6
ADANIENT,9-Jan-24,25-Jan-24,PE,3150,219.2,223.55,176.55,199.3,193.25,199.3,96,962.85,55.65,66300,-2100,3014.6
ADANIENT,9-Jan-24,25-Jan-24,PE,3200,260,260,211.9,235.1,234.5,235.1,168,1726.7,113.9,185700,-3000,3014.6
ADANIENT,9-Jan-24,25-Jan-24,PE,3250,260.8,260.8,260.8,260.8,260.8,293.75,2,21.06,1.56,16200,600,3014.6
ADANIENT,9-Jan-24,25-Jan-24,PE,3300,331.9,331.9,288.2,319.65,311.3,319.65,85,919.97,78.47,114000,-2700,3014.6
ADANIENT,9-Jan-24,25-Jan-24,PE,3350,335.85,335.85,335.85,335.85,335.85,371.2,2,22.12,2.02,25500,300,3014.6
ADANIENT,9-Jan-24,25-Jan-24,PE,3400,431.65,431.65,376.4,404.75,404.75,412.45,8,91.29,9.69,30000,600,3014.6
ADANIENT,9-Jan-24,25-Jan-24,PE,3450,-,-,-,481.9,481.9,455.1,-,-,-,23400,-,3014.6
ADANIENT,9-Jan-24,25-Jan-24,PE,3500,500,500,482,482,482,499,2,23.95,2.95,75000,300,3014.6
ADANIENT,9-Jan-24,25-Jan-24,PE,3550,-,-,-,589.05,589.05,543.95,-,-,-,12300,-,3014.6
ADANIENT,10-Jan-24,25-Jan-24,PE,1750,-,-,-,2,2,0.05,-,-,-,300,-,3098.2
ADANIENT,10-Jan-24,25-Jan-24,PE,1800,2,2.5,1.65,1.9,1.65,1.9,31,167.59,0.19,70800,-300,3098.2
ADANIENT,10-Jan-24,25-Jan-24,PE,1850,-,-,-,141.05,-,0.05,-,-,-,-,-,3098.2
ADANIENT,10-Jan-24,25-Jan-24,PE,1900,-,-,-,1.5,1.5,0.05,-,-,-,1500,-,3098.2
ADANIENT,10-Jan-24,25-Jan-24,PE,1950,-,-,-,179.9,-,0.05,-,-,-,-,-,3098.2
ADANIENT,10-Jan-24,25-Jan-24,PE,2000,2.85,3.2,2.2,2.35,2.4,2.35,95,570.75,0.75,113700,-7800,3098.2
ADANIENT,10-Jan-24,25-Jan-24,PE,2050,-,-,-,3.8,3.8,0.05,-,-,-,300,-,3098.2
ADANIENT,10-Jan-24,25-Jan-24,PE,2100,2.9,3.4,2.1,2.3,2.1,2.3,34,214.5,0.3,30900,-3900,3098.2
ADANIENT,10-Jan-24,25-Jan-24,PE,2150,2.95,2.95,2.95,2.95,2.95,2.95,2,12.92,0.02,4800,-,3098.2
ADANIENT,10-Jan-24,25-Jan-24,PE,2200,4.9,4.9,2.55,2.65,2.6,2.65,275,1817.49,2.49,146700,-18900,3098.2
ADANIENT,10-Jan-24,25-Jan-24,PE,2250,-,-,-,5,5,0.35,-,-,-,8400,-,3098.2
ADANIENT,10-Jan-24,25-Jan-24,PE,2300,5,5.4,3.2,3.35,3.25,3.35,133,919.32,1.62,153300,-15900,3098.2
ADANIENT,10-Jan-24,25-Jan-24,PE,2350,3.65,4.5,3.65,4.5,4.5,4.5,3,21.19,0.04,53400,-300,3098.2
ADANIENT,10-Jan-24,25-Jan-24,PE,2400,6.95,7.4,4,4.2,4.05,4.2,357,2575.88,5.48,189900,-25200,3098.2
ADANIENT,10-Jan-24,25-Jan-24,PE,2450,7,7.7,5.25,5.25,5.25,5.25,30,221.09,0.59,36900,-3000,3098.2
ADANIENT,10-Jan-24,25-Jan-24,PE,2500,7.3,10.05,6,6.25,6.6,6.25,944,7101.3,21.3,340800,-112800,3098.2
ADANIENT,10-Jan-24,25-Jan-24,PE,2550,9.9,11.3,6.7,7.05,7.3,7.05,274,2103.22,7.12,57600,-4800,3098.2
ADANIENT,10-Jan-24,25-Jan-24,PE,2600,12,13.25,8,8.55,9,8.55,1199,9390,37.8,278400,-28500,3098.2
ADANIENT,10-Jan-24,25-Jan-24,PE,2650,14.2,15.95,9.9,10.35,10.45,10.35,613,4897.04,23.69,96900,-16500,3098.2
ADANIENT,10-Jan-24,25-Jan-24,PE,2700,18.45,19.75,12.35,13,13,13,2299,18728.67,106.77,486000,-15000,3098.2
ADANIENT,10-Jan-24,25-Jan-24,PE,2750,24.3,25.4,15.6,16.55,15.6,16.55,1263,10494.27,74.52,134100,-15000,3098.2
ADANIENT,10-Jan-24,25-Jan-24,PE,2800,31.05,33.6,20.05,21.65,20.85,21.65,3373,28598.22,265.02,457200,-102300,3098.2
ADANIENT,10-Jan-24,25-Jan-24,PE,2850,42.4,44.45,26.65,28.05,26.65,28.05,1409,12188.81,141.86,151500,-25500,3098.2
ADANIENT,10-Jan-24,25-Jan-24,PE,2900,54.9,59.85,35,37.6,35.5,37.6,4686,41412.21,644.01,597000,-5100,3098.2
ADANIENT,10-Jan-24,25-Jan-24,PE,2950,76.85,78.55,47.45,49.85,47.45,49.85,1750,15805.7,318.2,172800,40800,3098.2
ADANIENT,10-Jan-24,25-Jan-24,PE,3000,99.8,101.55,62.55,67.25,63,67.25,8052,74389.29,1921.29,1289100,88200,3098.2
ADANIENT,10-Jan-24,25-Jan-24,PE,3050,129.35,129.95,84.5,89,84.5,89,2793,26421.53,865.58,213900,45300,3098.2
ADANIENT,10-Jan-24,25-Jan-24,PE,3100,159,162.05,110,116.3,111,116.3,4564,44194.19,1748.99,414300,145800,3098.2
ADANIENT,10-Jan-24,25-Jan-24,PE,3150,190,190,139.7,145.95,142.35,145.95,258,2557.94,119.84,76800,10500,3098.2
ADANIENT,10-Jan-24,25-Jan-24,PE,3200,227.95,228.05,170,176.4,170,176.4,679,6901.51,383.11,178500,-7200,3098.2
ADANIENT,10-Jan-24,25-Jan-24,PE,3250,253.3,253.3,205.2,211.45,205.2,211.45,42,437.6,28.1,15600,-600,3098.2
ADANIENT,10-Jan-24,25-Jan-24,PE,3300,311.15,311.15,243,250.7,243,250.7,208,2226.09,166.89,106500,-7500,3098.2
ADANIENT,10-Jan-24,25-Jan-24,PE,3350,312,312,312,312,312,305.25,2,21.97,1.87,25500,-,3098.2
ADANIENT,10-Jan-24,25-Jan-24,PE,3400,386.55,400.95,334,336.5,339,336.5,55,618.97,57.97,31800,1800,3098.2
ADANIENT,10-Jan-24,25-Jan-24,PE,3450,-,-,-,481.9,481.9,384,-,-,-,23400,-,3098.2
ADANIENT,10-Jan-24,25-Jan-24,PE,3500,482.1,482.1,414.3,430,430,425.8,107,1262.83,139.33,80700,5700,3098.2
ADANIENT,10-Jan-24,25-Jan-24,PE,3550,-,-,-,589.05,589.05,468.95,-,-,-,12300,-,3098.2
ADANIENT,11-Jan-24,25-Jan-24,PE,1750,-,-,-,2,2,0.05,-,-,-,300,-,3080.9
ADANIENT,11-Jan-24,25-Jan-24,PE,1800,1.9,1.9,1.9,1.9,1.9,0.05,5,27.03,0.03,71100,300,3080.9
ADANIENT,11-Jan-24,25-Jan-24,PE,1850,-,-,-,141.05,-,0.05,-,-,-,-,-,3080.9
ADANIENT,11-Jan-24,25-Jan-24,PE,1900,-,-,-,1.5,1.5,0.05,-,-,-,1500,-,3080.9
ADANIENT,11-Jan-24,25-Jan-24,PE,1950,-,-,-,179.9,-,0.05,-,-,-,-,-,3080.9
ADANIENT,11-Jan-24,25-Jan-24,PE,2000,2.4,3.5,2.35,3.15,3.5,3.15,33,198.29,0.29,114600,900,3080.9
ADANIENT,11-Jan-24,25-Jan-24,PE,2050,-,-,-,3.8,3.8,0.05,-,-,-,300,-,3080.9
ADANIENT,11-Jan-24,25-Jan-24,PE,2100,2.6,2.6,2.6,2.6,2.6,2.6,1,6.31,0.01,30900,-,3080.9
ADANIENT,11-Jan-24,25-Jan-24,PE,2150,2.95,2.95,2.95,2.95,2.95,0.05,3,19.38,0.03,4500,-300,3080.9
ADANIENT,11-Jan-24,25-Jan-24,PE,2200,3,3.55,2.9,3.4,3.55,3.4,172,1136.79,1.59,141900,-4800,3080.9
ADANIENT,11-Jan-24,25-Jan-24,PE,2250,-,-,-,5,5,0.3,-,-,-,8400,-,3080.9
ADANIENT,11-Jan-24,25-Jan-24,PE,2300,3.8,4.95,3.7,4.75,4.75,0.55,21,145.16,0.26,150000,-3300,3080.9
ADANIENT,11-Jan-24,25-Jan-24,PE,2350,5.5,5.5,4.85,5.2,5.2,1,8,56.52,0.12,51000,-2400,3080.9
ADANIENT,11-Jan-24,25-Jan-24,PE,2400,5,6.2,5,5.75,5.7,5.75,581,4193.08,9.88,229500,39600,3080.9
ADANIENT,11-Jan-24,25-Jan-24,PE,2450,5.1,6.65,5.1,6.6,6.5,6.6,18,132.65,0.35,37500,600,3080.9
ADANIENT,11-Jan-24,25-Jan-24,PE,2500,6.45,7.75,6.25,7.3,7.2,7.3,519,3903.6,11.1,323400,-17400,3080.9
ADANIENT,11-Jan-24,25-Jan-24,PE,2550,7.3,8.5,6.95,8.35,8.05,8.35,92,705.99,2.19,58500,900,3080.9
ADANIENT,11-Jan-24,25-Jan-24,PE,2600,8.5,10.3,8.05,9.05,9.1,9.05,499,3906,13.8,258300,-20100,3080.9
ADANIENT,11-Jan-24,25-Jan-24,PE,2650,10.5,12.35,9.55,10.95,10.55,10.95,453,3616.24,14.89,93000,-3900,3080.9
ADANIENT,11-Jan-24,25-Jan-24,PE,2700,13.3,15.4,11.75,13.4,13,13.4,1239,10085.35,49.45,451200,-34800,3080.9
ADANIENT,11-Jan-24,25-Jan-24,PE,2750,15.1,19.1,15.1,17.05,16.9,17.05,897,7446.14,45.89,120000,-14100,3080.9
ADANIENT,11-Jan-24,25-Jan-24,PE,2800,20,24.7,19.2,22.45,21.65,22.45,1771,14995.09,118.69,477300,20100,3080.9
ADANIENT,11-Jan-24,25-Jan-24,PE,2850,24.65,31.8,24.65,29.65,29.25,29.65,747,6452.76,65.91,166800,15300,3080.9
ADANIENT,11-Jan-24,25-Jan-24,PE,2900,35.5,42.15,31.75,39.85,38.1,39.85,2024,17846.92,238.12,588600,-8400,3080.9
ADANIENT,11-Jan-24,25-Jan-24,PE,2950,41.65,56.2,41.65,53.35,52.9,53.35,1228,11065.76,197.96,291900,119100,3080.9
ADANIENT,11-Jan-24,25-Jan-24,PE,3000,60.2,75.8,56.55,72.6,70,72.6,3802,35030.43,812.43,1347600,58500,3080.9
ADANIENT,11-Jan-24,25-Jan-24,PE,3050,80.15,101.6,75.35,97.05,94,97.05,1558,14700.11,444.41,223800,9900,3080.9
ADANIENT,11-Jan-24,25-Jan-24,PE,3100,107.15,132.45,101.75,125.4,122.45,125.4,2941,28423.81,1072.51,483000,68700,3080.9
ADANIENT,11-Jan-24,25-Jan-24,PE,3150,143,165.15,141.2,155.4,151.4,155.4,386,3824.58,176.88,90900,14100,3080.9
ADANIENT,11-Jan-24,25-Jan-24,PE,3200,166.95,199.45,165.7,192.9,191.6,192.9,494,5018.24,275.84,180900,2400,3080.9
ADANIENT,11-Jan-24,25-Jan-24,PE,3250,220.15,230.25,216.5,228.55,226.85,228.55,13,135.46,8.71,15300,-300,3080.9
ADANIENT,11-Jan-24,25-Jan-24,PE,3300,234.95,276.3,234.3,266.35,262.25,266.35,31,330.78,23.88,105600,-900,3080.9
ADANIENT,11-Jan-24,25-Jan-24,PE,3350,-,-,-,312,312,313.9,-,-,-,25500,-,3080.9
ADANIENT,11-Jan-24,25-Jan-24,PE,3400,339,355,339,355,355,353.45,4,44.96,4.16,31500,-300,3080.9
ADANIENT,11-Jan-24,25-Jan-24,PE,3450,-,-,-,481.9,481.9,394.75,-,-,-,23400,-,3080.9
ADANIENT,11-Jan-24,25-Jan-24,PE,3500,425,441.25,421,441.25,441.25,437.55,5,58.93,6.43,80700,-,3080.9
ADANIENT,11-Jan-24,25-Jan-24,PE,3550,-,-,-,589.05,589.05,481.6,-,-,-,12300,-,3080.9
ADANIENT,12-Jan-24,25-Jan-24,PE,1750,-,-,-,2,2,0.05,-,-,-,300,-,3104.1
ADANIENT,12-Jan-24,25-Jan-24,PE,1800,1.9,2.2,1.9,2,2,2,15,81.09,0.09,73500,2400,3104.1
ADANIENT,12-Jan-24,25-Jan-24,PE,1850,-,-,-,141.05,-,0.05,-,-,-,-,-,3104.1
ADANIENT,12-Jan-24,25-Jan-24,PE,1900,-,-,-,1.5,1.5,0.05,-,-,-,1500,-,3104.1
ADANIENT,12-Jan-24,25-Jan-24,PE,1950,-,-,-,179.9,-,0.05,-,-,-,-,-,3104.1
ADANIENT,12-Jan-24,25-Jan-24,PE,2000,2.5,2.8,2,2.7,2.7,2.7,52,312.38,0.38,107700,-6900,3104.1
ADANIENT,12-Jan-24,25-Jan-24,PE,2050,-,-,-,3.8,3.8,0.05,-,-,-,300,-,3104.1
ADANIENT,12-Jan-24,25-Jan-24,PE,2100,2.6,2.75,2.5,2.65,2.75,2.65,14,88.31,0.11,30600,-300,3104.1
ADANIENT,12-Jan-24,25-Jan-24,PE,2150,1.25,2.9,1.25,2.9,2.9,0.05,2,12.91,0.01,4500,-,3104.1
ADANIENT,12-Jan-24,25-Jan-24,PE,2200,2.3,3.5,2.3,3.2,3,3.2,10,66.1,0.1,141000,-900,3104.1
ADANIENT,12-Jan-24,25-Jan-24,PE,2250,1.05,3,1.05,3,3,0.15,4,27.03,0.03,8700,300,3104.1
ADANIENT,12-Jan-24,25-Jan-24,PE,2300,3.4,4.9,3.25,4,4.15,4,33,228.1,0.4,147300,-2700,3104.1
ADANIENT,12-Jan-24,25-Jan-24,PE,2350,-,-,-,5.2,5.2,0.6,-,-,-,51000,-,3104.1
ADANIENT,12-Jan-24,25-Jan-24,PE,2400,4.6,6.6,4.6,5.7,5.5,5.7,60,433.05,1.05,223500,-6000,3104.1
ADANIENT,12-Jan-24,25-Jan-24,PE,2450,-,-,-,6.6,6.5,1.8,-,-,-,37500,-,3104.1
ADANIENT,12-Jan-24,25-Jan-24,PE,2500,6.7,10.25,6.7,7.35,7,7.35,352,2647.92,7.92,331800,8400,3104.1
ADANIENT,12-Jan-24,25-Jan-24,PE,2550,8.35,8.45,7.45,8.1,7.75,8.1,77,590.91,1.86,54600,-3900,3104.1
ADANIENT,12-Jan-24,25-Jan-24,PE,2600,9.05,9.65,8.15,9.05,8.95,9.05,483,3780.51,13.11,235200,-23100,3104.1
ADANIENT,12-Jan-24,25-Jan-24,PE,2650,12.6,12.6,9.85,10.55,10.2,10.55,367,2929.44,11.79,94800,1800,3104.1
ADANIENT,12-Jan-24,25-Jan-24,PE,2700,12.65,14.4,11,12.15,11.85,12.15,1624,13216.29,61.89,435300,-15900,3104.1
ADANIENT,12-Jan-24,25-Jan-24,PE,2750,16.2,18.25,14.25,15.05,14.3,15.05,1166,9674.9,55.4,114600,-5400,3104.1
ADANIENT,12-Jan-24,25-Jan-24,PE,2800,21.25,23.85,17,18.9,17,18.9,2042,17274.8,122,479400,2100,3104.1
ADANIENT,12-Jan-24,25-Jan-24,PE,2850,27.6,31.45,22.05,23.95,22.1,23.95,1424,12284.42,109.22,120900,-45900,3104.1
ADANIENT,12-Jan-24,25-Jan-24,PE,2900,38.1,42,29.45,32.1,29.8,32.1,3305,29093.51,340.01,496800,-91800,3104.1
ADANIENT,12-Jan-24,25-Jan-24,PE,2950,51.05,56,39.45,42.85,41.35,42.85,1415,12717.32,194.57,278100,-13800,3104.1
ADANIENT,12-Jan-24,25-Jan-24,PE,3000,68.1,75,52.45,57.6,54.4,57.6,6705,61575.7,1230.7,1366500,18900,3104.1
ADANIENT,12-Jan-24,25-Jan-24,PE,3050,92.15,99.9,72,78.1,74,78.1,2223,20898.93,558.48,238200,14400,3104.1
ADANIENT,12-Jan-24,25-Jan-24,PE,3100,104.9,128.6,95.2,102.55,98.4,102.55,4410,42440.25,1427.25,508800,25800,3104.1
ADANIENT,12-Jan-24,25-Jan-24,PE,3150,154.95,159.55,121.6,131.65,128.65,131.65,404,3983,165.2,88500,-2400,3104.1
ADANIENT,12-Jan-24,25-Jan-24,PE,3200,192,194.1,152.45,163.7,160.6,163.7,352,3557.52,178.32,174300,-6600,3104.1
ADANIENT,12-Jan-24,25-Jan-24,PE,3250,207.2,211,187.45,196.25,193.9,196.25,65,672.54,38.79,13200,-2100,3104.1
ADANIENT,12-Jan-24,25-Jan-24,PE,3300,267.2,267.2,226.45,237.8,230,237.8,65,690.62,47.12,102300,-3300,3104.1
ADANIENT,12-Jan-24,25-Jan-24,PE,3350,275,275,264.95,264.95,264.95,292.75,3,32.59,2.44,24600,-900,3104.1
ADANIENT,12-Jan-24,25-Jan-24,PE,3400,313.9,316.95,313.9,316.95,316.95,316.95,3,33.43,2.83,30600,-900,3104.1
ADANIENT,12-Jan-24,25-Jan-24,PE,3450,358.9,358.95,358.9,358.95,358.95,372.7,2,22.85,2.15,23400,-,3104.1
ADANIENT,12-Jan-24,25-Jan-24,PE,3500,435,435,404.2,404.2,404.2,404.2,20,235.35,25.35,78000,-2700,3104.1
ADANIENT,12-Jan-24,25-Jan-24,PE,3550,435.6,454.8,435.6,445.2,454.8,445.2,2,23.97,2.67,12600,300,3104.1
ADANIENT,15-Jan-24,25-Jan-24,PE,1750,-,-,-,2,2,0.05,-,-,-,300,-,3089.5
ADANIENT,15-Jan-24,25-Jan-24,PE,1800,1.9,2.25,1.9,2.25,2.25,0.05,7,37.84,0.04,72600,-900,3089.5
ADANIENT,15-Jan-24,25-Jan-24,PE,1850,-,-,-,141.05,-,0.05,-,-,-,-,-,3089.5
ADANIENT,15-Jan-24,25-Jan-24,PE,1900,-,-,-,1.5,1.5,0.05,-,-,-,1500,-,3089.5
ADANIENT,15-Jan-24,25-Jan-24,PE,1950,-,-,-,179.9,-,0.05,-,-,-,-,-,3089.5
ADANIENT,15-Jan-24,25-Jan-24,PE,2000,2.7,2.9,2.05,2.75,2.7,2.75,14,84.11,0.11,108000,300,3089.5
ADANIENT,15-Jan-24,25-Jan-24,PE,2050,-,-,-,3.8,3.8,0.05,-,-,-,300,-,3089.5
ADANIENT,15-Jan-24,25-Jan-24,PE,2100,2.75,3.3,2.2,3,3,0.05,11,69.4,0.1,28500,-2100,3089.5
ADANIENT,15-Jan-24,25-Jan-24,PE,2150,-,-,-,2.9,2.9,0.05,-,-,-,4500,-,3089.5
ADANIENT,15-Jan-24,25-Jan-24,PE,2200,3,3.45,3,3.05,3.05,3.05,13,85.92,0.12,141300,300,3089.5
ADANIENT,15-Jan-24,25-Jan-24,PE,2250,-,-,-,3,3,0.05,-,-,-,8700,-,3089.5
ADANIENT,15-Jan-24,25-Jan-24,PE,2300,4,5,3.55,4.1,4.1,0.1,48,331.86,0.66,136800,-10500,3089.5
ADANIENT,15-Jan-24,25-Jan-24,PE,2350,-,-,-,5.2,5.2,0.2,-,-,-,51000,-,3089.5
ADANIENT,15-Jan-24,25-Jan-24,PE,2400,4.35,6.6,4.35,6.05,5.55,6.05,100,721.8,1.8,215700,-7800,3089.5
ADANIENT,15-Jan-24,25-Jan-24,PE,2450,-,-,-,6.6,6.5,0.75,-,-,-,37500,-,3089.5
ADANIENT,15-Jan-24,25-Jan-24,PE,2500,6.55,8,5.6,6.9,6.6,6.9,253,1902.82,5.32,299100,-32700,3089.5
ADANIENT,15-Jan-24,25-Jan-24,PE,2550,7.75,8,7,7.25,7.25,7.25,134,1028.1,3,57000,2400,3089.5
ADANIENT,15-Jan-24,25-Jan-24,PE,2600,8.8,9.15,7.25,7.8,7.3,7.8,292,2284.83,7.23,220500,-14700,3089.5
ADANIENT,15-Jan-24,25-Jan-24,PE,2650,9.05,10.85,8.25,8.7,8.4,8.7,160,1276.6,4.6,93300,-1500,3089.5
ADANIENT,15-Jan-24,25-Jan-24,PE,2700,11.85,13.05,9.6,10.35,9.6,10.35,992,8068.14,32.94,420900,-14400,3089.5
ADANIENT,15-Jan-24,25-Jan-24,PE,2750,13,16.1,12.2,12.65,12.2,12.65,742,6152.54,31.04,109200,-5400,3089.5
ADANIENT,15-Jan-24,25-Jan-24,PE,2800,16.8,20.95,15.75,16.3,15.75,16.3,1842,15570.68,97.88,465900,-13500,3089.5
ADANIENT,15-Jan-24,25-Jan-24,PE,2850,20.1,27.25,20,20.75,20,20.75,856,7377.25,58.45,135000,14100,3089.5
ADANIENT,15-Jan-24,25-Jan-24,PE,2900,29.65,37.15,27.25,28.3,27.75,28.3,2120,18641.02,197.02,485400,-11400,3089.5
ADANIENT,15-Jan-24,25-Jan-24,PE,2950,40,50.4,36.35,38.25,36.35,38.25,934,8383.7,117.8,260100,-18000,3089.5
ADANIENT,15-Jan-24,25-Jan-24,PE,3000,52.9,68.75,50,52.85,51,52.85,3458,31719.31,597.31,1361100,-5400,3089.5
ADANIENT,15-Jan-24,25-Jan-24,PE,3050,71.05,91.9,69.3,73.4,71.1,73.4,1736,16294.06,409.66,256500,18300,3089.5
ADANIENT,15-Jan-24,25-Jan-24,PE,3100,95.95,120.6,92.75,99.55,98.9,99.55,3775,36282.74,1175.24,552000,43200,3089.5
ADANIENT,15-Jan-24,25-Jan-24,PE,3150,125.1,151.05,121.95,128.85,127.15,128.85,572,5632.8,227.4,90300,1800,3089.5
ADANIENT,15-Jan-24,25-Jan-24,PE,3200,150,184.1,150,162.55,158.65,162.55,275,2776.94,136.94,168900,-5400,3089.5
ADANIENT,15-Jan-24,25-Jan-24,PE,3250,196,219.9,193.4,197.6,197.6,215.75,36,373.34,22.34,14700,1500,3089.5
ADANIENT,15-Jan-24,25-Jan-24,PE,3300,230,260.1,225.2,240.1,236,240.1,50,531.08,36.08,100500,-1800,3089.5
ADANIENT,15-Jan-24,25-Jan-24,PE,3350,300.65,300.75,279.55,281.55,282.7,281.55,11,120.2,9.65,23400,-1200,3089.5
ADANIENT,15-Jan-24,25-Jan-24,PE,3400,314.15,345.5,314.15,323.5,323.5,332.6,7,78.3,6.9,30300,-300,3089.5
ADANIENT,15-Jan-24,25-Jan-24,PE,3450,-,-,-,358.95,358.95,375.55,-,-,-,23400,-,3089.5
ADANIENT,15-Jan-24,25-Jan-24,PE,3500,401,416,401,407,407,420.05,12,140.68,14.68,78600,600,3089.5
ADANIENT,15-Jan-24,25-Jan-24,PE,3550,457.5,457.5,457.5,457.5,457.5,465.75,1,12.02,1.37,12300,-300,3089.5
ADANIENT,16-Jan-24,25-Jan-24,PE,1750,-,-,-,2,2,0.05,-,-,-,300,-,3056.5
ADANIENT,16-Jan-24,25-Jan-24,PE,1800,2.25,2.25,1.6,1.75,1.75,0.05,17,91.9,0.1,73200,600,3056.5
ADANIENT,16-Jan-24,25-Jan-24,PE,1850,-,-,-,141.05,-,0.05,-,-,-,-,-,3056.5
ADANIENT,16-Jan-24,25-Jan-24,PE,1900,2.2,2.2,2.2,2.2,2.2,2.2,1,5.71,0.01,1200,-300,3056.5
ADANIENT,16-Jan-24,25-Jan-24,PE,1950,-,-,-,179.9,-,0.05,-,-,-,-,-,3056.5
ADANIENT,16-Jan-24,25-Jan-24,PE,2000,3.5,3.5,1.8,2.1,2.1,0.05,66,396.45,0.45,99000,-9000,3056.5
ADANIENT,16-Jan-24,25-Jan-24,PE,2050,-,-,-,3.8,3.8,0.05,-,-,-,300,-,3056.5
ADANIENT,16-Jan-24,25-Jan-24,PE,2100,2.2,3.05,1.75,2.75,3.05,2.75,15,94.6,0.1,27600,-900,3056.5
ADANIENT,16-Jan-24,25-Jan-24,PE,2150,-,-,-,2.9,2.9,0.05,-,-,-,4500,-,3056.5
ADANIENT,16-Jan-24,25-Jan-24,PE,2200,2.75,3.95,2.25,2.8,3.25,2.8,88,581.52,0.72,137100,-4200,3056.5
ADANIENT,16-Jan-24,25-Jan-24,PE,2250,2.5,2.5,2.5,2.5,2.5,0.05,4,27.03,0.03,9300,600,3056.5
ADANIENT,16-Jan-24,25-Jan-24,PE,2300,3.1,3.45,2.2,3.1,2.6,3.1,194,1340.19,1.59,133200,-3600,3056.5
ADANIENT,16-Jan-24,25-Jan-24,PE,2350,3.2,3.2,3.2,3.2,3.2,0.15,2,14.12,0.02,51000,-,3056.5
ADANIENT,16-Jan-24,25-Jan-24,PE,2400,6.75,6.8,3.65,5.6,5.9,5.6,312,2251.22,4.82,220500,4800,3056.5
ADANIENT,16-Jan-24,25-Jan-24,PE,2450,-,-,-,6.6,6.5,0.65,-,-,-,37500,-,3056.5
ADANIENT,16-Jan-24,25-Jan-24,PE,2500,5.5,7.95,4.95,7,7,7,758,5698.8,13.8,367500,68400,3056.5
ADANIENT,16-Jan-24,25-Jan-24,PE,2550,7.3,8,4.9,7.1,6,7.1,89,682.51,1.66,54000,-3000,3056.5
ADANIENT,16-Jan-24,25-Jan-24,PE,2600,7.3,9,5.45,7.75,8,7.75,589,4606.59,12.39,194100,-26400,3056.5
ADANIENT,16-Jan-24,25-Jan-24,PE,2650,7.35,9.95,6.3,8.4,8.65,8.4,75,598.05,1.8,91800,-1500,3056.5
ADANIENT,16-Jan-24,25-Jan-24,PE,2700,10.35,11.75,7.65,10.2,9.7,10.2,1167,9485.8,33.1,403200,-17700,3056.5
ADANIENT,16-Jan-24,25-Jan-24,PE,2750,11,14.35,10.1,12.45,11.7,12.45,897,7432.65,32.4,118800,9600,3056.5
ADANIENT,16-Jan-24,25-Jan-24,PE,2800,15.75,18.4,13.75,16,15.2,16,1731,14623.02,82.62,466500,600,3056.5
ADANIENT,16-Jan-24,25-Jan-24,PE,2850,19.9,23.8,18.85,20.6,20.15,20.6,879,7570.81,55.36,130800,-4200,3056.5
ADANIENT,16-Jan-24,25-Jan-24,PE,2900,26.8,33.7,25.4,28.95,27,28.95,2304,20244.96,200.16,464400,-21000,3056.5
ADANIENT,16-Jan-24,25-Jan-24,PE,2950,35.85,47.5,34,40.6,38,40.6,849,7617.81,104.16,227400,-32700,3056.5
ADANIENT,16-Jan-24,25-Jan-24,PE,3000,51.7,67.5,47,57.65,54,57.65,3157,28961.76,548.76,1338900,-22200,3056.5
ADANIENT,16-Jan-24,25-Jan-24,PE,3050,66.15,94.5,66.15,82.15,78,82.15,1362,12797.37,335.07,242100,-14400,3056.5
ADANIENT,16-Jan-24,25-Jan-24,PE,3100,100.9,125.8,90.9,112.45,107.25,112.45,2131,20506.9,688.6,509400,-42600,3056.5
ADANIENT,16-Jan-24,25-Jan-24,PE,3150,120.75,160.7,120.75,145.1,149.25,145.1,219,2162.72,93.17,93000,2700,3056.5
ADANIENT,16-Jan-24,25-Jan-24,PE,3200,162,200,158,185.1,187.8,185.1,279,2828.32,149.92,149400,-19500,3056.5
ADANIENT,16-Jan-24,25-Jan-24,PE,3250,201.6,229.95,201.6,225.05,221.65,225.05,15,156.18,9.93,15900,1200,3056.5
ADANIENT,16-Jan-24,25-Jan-24,PE,3300,236,275,236,266.1,261,266.1,10,106.8,7.8,99600,-900,3056.5
ADANIENT,16-Jan-24,25-Jan-24,PE,3350,321.3,321.3,321.3,321.3,321.3,313.8,1,11.01,0.96,23400,-,3056.5
ADANIENT,16-Jan-24,25-Jan-24,PE,3400,344.25,367.55,341.1,367.55,367.55,356.95,9,101.15,9.35,28200,-2100,3056.5
ADANIENT,16-Jan-24,25-Jan-24,PE,3450,400.05,420.9,400.05,420.9,420.9,401.65,2,23.16,2.46,23400,-,3056.5
ADANIENT,16-Jan-24,25-Jan-24,PE,3500,412.1,445,412.1,440,440,447.65,13,153.66,17.16,78300,-300,3056.5
ADANIENT,16-Jan-24,25-Jan-24,PE,3550,-,-,-,457.5,457.5,494.65,-,-,-,12300,-,3056.5
ADANIENT,17-Jan-24,25-Jan-24,PE,1750,-,-,-,2,2,0.05,-,-,-,300,-,2971.05
ADANIENT,17-Jan-24,25-Jan-24,PE,1800,1.1,2.55,1.1,2.15,2.55,2.15,136,735.3,0.9,54300,-18900,2971.05
ADANIENT,17-Jan-24,25-Jan-24,PE,1850,-,-,-,141.05,-,0.05,-,-,-,-,-,2971.05
ADANIENT,17-Jan-24,25-Jan-24,PE,1900,2.45,2.45,2.45,2.45,2.45,0.05,3,17.12,0.02,600,-600,2971.05
ADANIENT,17-Jan-24,25-Jan-24,PE,1950,-,-,-,179.9,-,0.05,-,-,-,-,-,2971.05
ADANIENT,17-Jan-24,25-Jan-24,PE,2000,1.5,3.05,1.5,2.7,3,2.7,24,144.19,0.19,95400,-3600,2971.05
ADANIENT,17-Jan-24,25-Jan-24,PE,2050,-,-,-,3.8,3.8,0.05,-,-,-,300,-,2971.05
ADANIENT,17-Jan-24,25-Jan-24,PE,2100,3.4,3.7,2.75,3.6,3.5,3.6,8,50.48,0.08,27600,-,2971.05
ADANIENT,17-Jan-24,25-Jan-24,PE,2150,2.9,2.9,2.9,2.9,2.9,0.05,1,6.46,0.01,4500,-,2971.05
ADANIENT,17-Jan-24,25-Jan-24,PE,2200,3.5,5.3,2.1,5.1,5,5.1,177,1170.5,2.3,109800,-27300,2971.05
ADANIENT,17-Jan-24,25-Jan-24,PE,2250,-,-,-,2.5,2.5,0.05,-,-,-,9300,-,2971.05
ADANIENT,17-Jan-24,25-Jan-24,PE,2300,2.5,6.1,2.5,5.95,5.95,5.95,95,656.93,1.43,131700,-1500,2971.05
ADANIENT,17-Jan-24,25-Jan-24,PE,2350,-,-,-,3.2,3.2,0.25,-,-,-,51000,-,2971.05
ADANIENT,17-Jan-24,25-Jan-24,PE,2400,4.55,8,4.55,7.85,7.9,7.85,225,1624.65,4.65,220500,-,2971.05
ADANIENT,17-Jan-24,25-Jan-24,PE,2450,7.1,8.4,6.1,8.35,8.4,8.35,78,574.98,1.68,31800,-5700,2971.05
ADANIENT,17-Jan-24,25-Jan-24,PE,2500,8.05,10.7,6.75,9.1,9.1,9.1,834,6275.37,20.37,332100,-35400,2971.05
ADANIENT,17-Jan-24,25-Jan-24,PE,2550,6.5,12,6.5,9.35,9.5,9.35,81,621.62,1.97,48300,-5700,2971.05
ADANIENT,17-Jan-24,25-Jan-24,PE,2600,7.85,14.1,7.45,10.3,10.4,10.3,946,7406.95,28.15,189000,-5100,2971.05
ADANIENT,17-Jan-24,25-Jan-24,PE,2650,8.8,16.15,8.05,12.05,11.75,12.05,1109,8855.15,38.6,107400,15600,2971.05
ADANIENT,17-Jan-24,25-Jan-24,PE,2700,11,20.3,9.05,15.9,16.35,15.9,3200,26053.02,133.02,448500,45300,2971.05
ADANIENT,17-Jan-24,25-Jan-24,PE,2750,13.1,26.05,11.1,20.5,19.15,20.5,1870,15519.14,91.64,130500,11700,2971.05
ADANIENT,17-Jan-24,25-Jan-24,PE,2800,17.65,35.1,14.9,28.3,28.35,28.3,4864,41206.5,348.9,446700,-19800,2971.05
ADANIENT,17-Jan-24,25-Jan-24,PE,2850,26,46.85,19.45,38.2,37,38.2,1288,11130.05,117.65,121500,-9300,2971.05
ADANIENT,17-Jan-24,25-Jan-24,PE,2900,35,66.3,27.3,54.25,53.15,54.25,5140,45433.78,715.78,442200,-22200,2971.05
ADANIENT,17-Jan-24,25-Jan-24,PE,2950,49.9,90.2,39.45,73.95,75.25,73.95,2487,22478.94,468.99,264600,37200,2971.05
ADANIENT,17-Jan-24,25-Jan-24,PE,3000,70.05,120,57.15,99.75,100,99.75,6463,59754.29,1587.29,1140600,-198300,2971.05
ADANIENT,17-Jan-24,25-Jan-24,PE,3050,98,154,84.15,133.9,132.65,133.9,1051,9959.7,343.05,212700,-29400,2971.05
ADANIENT,17-Jan-24,25-Jan-24,PE,3100,112.95,197.85,112.95,173.65,169.5,173.65,1114,10869.28,509.08,449400,-60000,2971.05
ADANIENT,17-Jan-24,25-Jan-24,PE,3150,170,235.75,157.05,210.45,203.35,210.45,65,649.84,35.59,93300,300,2971.05
ADANIENT,17-Jan-24,25-Jan-24,PE,3200,208.8,275,189.45,261.4,246.05,261.4,220,2269.95,157.95,129600,-19800,2971.05
ADANIENT,17-Jan-24,25-Jan-24,PE,3250,285.65,311.75,285.65,311.75,311.7,311.75,6,63.92,5.42,15000,-900,2971.05
ADANIENT,17-Jan-24,25-Jan-24,PE,3300,298,360,298,341.65,343.55,341.65,17,185.59,17.29,97800,-1800,2971.05
ADANIENT,17-Jan-24,25-Jan-24,PE,3350,339.8,406.9,319.65,400.3,400.3,400.3,18,201.63,20.73,21600,-1800,2971.05
ADANIENT,17-Jan-24,25-Jan-24,PE,3400,431.3,431.3,431.3,431.3,431.3,431.5,2,22.99,2.59,28200,-,2971.05
ADANIENT,17-Jan-24,25-Jan-24,PE,3450,-,-,-,420.9,420.9,478.95,-,-,-,23400,-,2971.05
ADANIENT,17-Jan-24,25-Jan-24,PE,3500,492,550,492,530.8,530,530.8,95,1146.64,149.14,89700,11400,2971.05
ADANIENT,17-Jan-24,25-Jan-24,PE,3550,510,510,510,510,510,575.95,1,12.18,1.53,12300,-,2971.05
ADANIENT,18-Jan-24,25-Jan-24,PE,1750,-,-,-,2,2,0.05,-,-,-,300,-,2918.9
ADANIENT,18-Jan-24,25-Jan-24,PE,1800,2.2,3.05,2.2,2.25,2.25,2.25,36,194.69,0.29,53700,-600,2918.9
ADANIENT,18-Jan-24,25-Jan-24,PE,1850,2.95,2.95,2.95,2.95,2.95,0.05,1,5.56,0.01,300,300,2918.9
ADANIENT,18-Jan-24,25-Jan-24,PE,1900,-,-,-,2.45,2.45,0.05,-,-,-,600,-,2918.9
ADANIENT,18-Jan-24,25-Jan-24,PE,1950,-,-,-,179.9,-,0.05,-,-,-,-,-,2918.9
ADANIENT,18-Jan-24,25-Jan-24,PE,2000,3,5,2.8,3.9,3.5,3.9,42,252.5,0.5,97800,2400,2918.9
ADANIENT,18-Jan-24,25-Jan-24,PE,2050,-,-,-,3.8,3.8,0.05,-,-,-,300,-,2918.9
ADANIENT,18-Jan-24,25-Jan-24,PE,2100,3.6,5.85,3.6,4.65,4.35,4.65,55,347.31,0.81,33000,5400,2918.9
ADANIENT,18-Jan-24,25-Jan-24,PE,2150,-,-,-,2.9,2.9,0.05,-,-,-,4500,-,2918.9
ADANIENT,18-Jan-24,25-Jan-24,PE,2200,5.1,8.1,4.95,5.05,5.05,5.05,90,595.75,1.75,109200,-600,2918.9
ADANIENT,18-Jan-24,25-Jan-24,PE,2250,3.05,3.05,3.05,3.05,3.05,0.05,1,6.76,0.01,9300,-,2918.9
ADANIENT,18-Jan-24,25-Jan-24,PE,2300,6.5,8.95,6,6.1,6,6.1,158,1093.49,3.29,119700,-12000,2918.9
ADANIENT,18-Jan-24,25-Jan-24,PE,2350,0.55,0.55,0.55,0.55,0.55,0.25,2,14.1,-,51000,-,2918.9
ADANIENT,18-Jan-24,25-Jan-24,PE,2400,7.85,13.25,6.3,7.75,12,7.75,541,3911.49,16.29,228900,8400,2918.9
ADANIENT,18-Jan-24,25-Jan-24,PE,2450,10.3,13.6,7.75,7.9,7.75,7.9,96,708.77,3.17,24600,-7200,2918.9
ADANIENT,18-Jan-24,25-Jan-24,PE,2500,9,17.05,8.1,9.15,9.1,9.15,1825,13764.94,77.44,421800,89700,2918.9
ADANIENT,18-Jan-24,25-Jan-24,PE,2550,13.6,19.05,8.85,10.7,8.85,10.7,1027,7902.11,45.56,52800,4500,2918.9
ADANIENT,18-Jan-24,25-Jan-24,PE,2600,10.15,22.55,9.6,11.85,10.9,11.85,2583,20272.53,125.13,174900,-14100,2918.9
ADANIENT,18-Jan-24,25-Jan-24,PE,2650,10.85,27.05,10.85,13.7,11.9,13.7,1619,12965.35,94.3,65700,-41700,2918.9
ADANIENT,18-Jan-24,25-Jan-24,PE,2700,16.3,34.05,14.8,17.05,16,17.05,4079,33335.29,295.39,406200,-42300,2918.9
ADANIENT,18-Jan-24,25-Jan-24,PE,2750,20.05,43.35,19.95,22.9,20,22.9,1660,13840.93,145.93,102000,-28500,2918.9
ADANIENT,18-Jan-24,25-Jan-24,PE,2800,26.65,56.8,26.3,30.3,29,30.3,4657,39687.69,568.89,390300,-56400,2918.9
ADANIENT,18-Jan-24,25-Jan-24,PE,2850,36.8,74.2,34.95,42.3,38.05,42.3,1943,16925.49,312.84,120900,-600,2918.9
ADANIENT,18-Jan-24,25-Jan-24,PE,2900,54.25,97.85,48.2,63.1,58.5,63.1,6991,62393.43,1571.73,453600,11400,2918.9
ADANIENT,18-Jan-24,25-Jan-24,PE,2950,75.25,129.7,67.75,90.1,85,90.1,1888,17248.48,539.68,185700,-78900,2918.9
ADANIENT,18-Jan-24,25-Jan-24,PE,3000,100,167.05,92,122.55,119.15,122.55,3235,30382.83,1267.83,810600,-330000,2918.9
ADANIENT,18-Jan-24,25-Jan-24,PE,3050,130.15,200.55,125.8,165.65,158.45,165.65,219,2116.78,112.93,193200,-19500,2918.9
ADANIENT,18-Jan-24,25-Jan-24,PE,3100,173.55,241.15,166,205.6,201.45,205.6,462,4590.79,294.19,408300,-41100,2918.9
ADANIENT,18-Jan-24,25-Jan-24,PE,3150,190.7,279.7,190.7,247.95,247.95,247.95,59,602.53,44.98,85200,-8100,2918.9
ADANIENT,18-Jan-24,25-Jan-24,PE,3200,285,330.6,283.45,291.4,291.05,291.4,132,1388.69,121.49,112800,-16800,2918.9
ADANIENT,18-Jan-24,25-Jan-24,PE,3250,269.05,370.4,269.05,356.1,356.1,338.2,17,181.23,15.48,12900,-2100,2918.9
ADANIENT,18-Jan-24,25-Jan-24,PE,3300,341.3,419.5,341.25,395.5,395.5,384.35,118,1311.14,142.94,70800,-27000,2918.9
ADANIENT,18-Jan-24,25-Jan-24,PE,3350,-,-,-,400.3,400.3,431.7,-,-,-,21600,-,2918.9
ADANIENT,18-Jan-24,25-Jan-24,PE,3400,488.7,488.7,488.7,488.7,488.7,479.85,1,11.67,1.47,27900,-300,2918.9
ADANIENT,18-Jan-24,25-Jan-24,PE,3450,-,-,-,420.9,420.9,528.6,-,-,-,23400,-,2918.9
ADANIENT,18-Jan-24,25-Jan-24,PE,3500,537.35,609.5,531.35,575.3,575.3,577.8,33,402.04,55.54,81900,-7800,2918.9
ADANIENT,18-Jan-24,25-Jan-24,PE,3550,-,-,-,510,510,627.25,-,-,-,12300,-,2918.9
ADANIENT,19-Jan-24,25-Jan-24,PE,1750,-,-,-,2,2,0.05,-,-,-,300,-,2915.65
ADANIENT,19-Jan-24,25-Jan-24,PE,1800,2.25,2.3,1.7,1.75,1.7,1.75,25,135.16,0.16,56100,2400,2915.65
ADANIENT,19-Jan-24,25-Jan-24,PE,1850,-,-,-,2.95,2.95,0.05,-,-,-,300,-,2915.65
ADANIENT,19-Jan-24,25-Jan-24,PE,1900,-,-,-,2.45,2.45,0.05,-,-,-,600,-,2915.65
ADANIENT,19-Jan-24,25-Jan-24,PE,1950,-,-,-,179.9,-,0.05,-,-,-,-,-,2915.65
ADANIENT,19-Jan-24,25-Jan-24,PE,2000,3.9,3.9,2,2.15,2,2.15,46,276.37,0.37,98400,600,2915.65
ADANIENT,19-Jan-24,25-Jan-24,PE,2050,-,-,-,3.8,3.8,0.05,-,-,-,300,-,2915.65
ADANIENT,19-Jan-24,25-Jan-24,PE,2100,-,-,-,4.65,4.35,0.05,-,-,-,33000,-,2915.65
ADANIENT,19-Jan-24,25-Jan-24,PE,2150,-,-,-,2.9,2.9,0.05,-,-,-,4500,-,2915.65
ADANIENT,19-Jan-24,25-Jan-24,PE,2200,5.05,5.05,2.55,3.85,3.45,3.85,69,456.24,0.84,115200,6000,2915.65
ADANIENT,19-Jan-24,25-Jan-24,PE,2250,-,-,-,3.05,3.05,0.05,-,-,-,9300,-,2915.65
ADANIENT,19-Jan-24,25-Jan-24,PE,2300,5.85,5.9,3.3,4.6,4.6,4.6,24,165.95,0.35,120000,300,2915.65
ADANIENT,19-Jan-24,25-Jan-24,PE,2350,3.5,3.75,3.5,3.75,3.75,3.75,9,63.55,0.1,50100,-900,2915.65
ADANIENT,19-Jan-24,25-Jan-24,PE,2400,5.15,6.2,4.3,5.4,5.3,5.4,132,952.51,2.11,224700,-4200,2915.65
ADANIENT,19-Jan-24,25-Jan-24,PE,2450,7.9,7.9,4.5,5.75,4.5,5.75,95,700.03,1.78,24600,-,2915.65
ADANIENT,19-Jan-24,25-Jan-24,PE,2500,7.8,8.3,5.05,6.4,5.05,6.4,942,7084.42,19.42,309300,-112500,2915.65
ADANIENT,19-Jan-24,25-Jan-24,PE,2550,7.65,8.95,5.15,6.25,5.4,6.25,529,4058.53,11.68,47400,-5400,2915.65
ADANIENT,19-Jan-24,25-Jan-24,PE,2600,9.1,10.65,6.6,7.6,7.6,7.6,1219,9538.85,30.65,165000,-9900,2915.65
ADANIENT,19-Jan-24,25-Jan-24,PE,2650,11.5,12.95,8.7,9.6,8.8,9.6,1616,12897.19,49.99,57900,-7800,2915.65
ADANIENT,19-Jan-24,25-Jan-24,PE,2700,13.2,15.75,10.6,11.85,10.9,11.85,3600,29299.49,139.49,416400,10200,2915.65
ADANIENT,19-Jan-24,25-Jan-24,PE,2750,18.05,20.85,14,15.65,14.65,15.65,1714,14227.3,86.8,83700,-18300,2915.65
ADANIENT,19-Jan-24,25-Jan-24,PE,2800,27.45,28.7,17.4,21.35,20.45,21.35,4202,35587.24,290.44,394200,3900,2915.65
ADANIENT,19-Jan-24,25-Jan-24,PE,2850,33.1,40.9,28.75,31.75,29.75,31.75,3648,31554.76,364.36,125700,4800,2915.65
ADANIENT,19-Jan-24,25-Jan-24,PE,2900,50.1,61.15,44.2,50.5,47.55,50.5,7424,65719.87,1131.07,438300,-15300,2915.65
ADANIENT,19-Jan-24,25-Jan-24,PE,2950,90,90,66.85,77.2,74.95,77.2,929,8433.26,211.61,184500,-1200,2915.65
ADANIENT,19-Jan-24,25-Jan-24,PE,3000,109.15,123.15,97.05,111.3,106.5,111.3,846,7887.18,273.18,756600,-54000,2915.65
ADANIENT,19-Jan-24,25-Jan-24,PE,3050,144.4,159.6,136.75,151.65,149.5,151.65,67,642.86,29.81,190500,-2700,2915.65
ADANIENT,19-Jan-24,25-Jan-24,PE,3100,202.85,205,178.8,195.15,192.35,195.15,141,1393.65,82.35,395400,-12900,2915.65
ADANIENT,19-Jan-24,25-Jan-24,PE,3150,227,249.35,221.5,239.2,239.2,239.2,31,314.72,21.77,82200,-3000,2915.65
ADANIENT,19-Jan-24,25-Jan-24,PE,3200,292.65,297,268.25,285.25,284,285.25,48,502.14,41.34,111600,-1200,2915.65
ADANIENT,19-Jan-24,25-Jan-24,PE,3250,333.9,343.7,318,334.8,334.8,338.7,17,182.76,17.01,11700,-1200,2915.65
ADANIENT,19-Jan-24,25-Jan-24,PE,3300,383.5,386.45,363.15,383,383,383,30,330.97,33.97,66000,-4800,2915.65
ADANIENT,19-Jan-24,25-Jan-24,PE,3350,-,-,-,400.3,400.3,433.7,-,-,-,21600,-,2915.65
ADANIENT,19-Jan-24,25-Jan-24,PE,3400,480.75,480.75,480.75,480.75,480.75,482.45,1,11.64,1.44,27900,-,2915.65
ADANIENT,19-Jan-24,25-Jan-24,PE,3450,-,-,-,420.9,420.9,531.6,-,-,-,23400,-,2915.65
ADANIENT,19-Jan-24,25-Jan-24,PE,3500,580,587,578.1,578.2,578.2,578.2,15,183.62,26.12,81600,-300,2915.65
ADANIENT,19-Jan-24,25-Jan-24,PE,3550,-,-,-,510,510,630.75,-,-,-,12300,-,2915.65
ADANIENT,20-Jan-24,25-Jan-24,PE,1750,-,-,-,2,2,0.05,-,-,-,300,-,2987.9
ADANIENT,20-Jan-24,25-Jan-24,PE,1800,1.6,1.7,1.05,1.1,1.05,1.1,11,59.45,0.04,56400,300,2987.9
ADANIENT,20-Jan-24,25-Jan-24,PE,1850,-,-,-,2.95,2.95,0.05,-,-,-,300,-,2987.9
ADANIENT,20-Jan-24,25-Jan-24,PE,1900,-,-,-,2.45,2.45,0.05,-,-,-,600,-,2987.9
ADANIENT,20-Jan-24,25-Jan-24,PE,1950,-,-,-,179.9,-,0.05,-,-,-,-,-,2987.9
ADANIENT,20-Jan-24,25-Jan-24,PE,2000,1.4,2.35,1,1.45,1.15,1.45,33,198.14,0.14,98100,-300,2987.9
ADANIENT,20-Jan-24,25-Jan-24,PE,2050,-,-,-,3.8,3.8,0.05,-,-,-,300,-,2987.9
ADANIENT,20-Jan-24,25-Jan-24,PE,2100,1.35,2,1.35,1.9,2,1.9,6,37.83,0.03,31800,-1200,2987.9
ADANIENT,20-Jan-24,25-Jan-24,PE,2150,-,-,-,2.9,2.9,0.05,-,-,-,4500,-,2987.9
ADANIENT,20-Jan-24,25-Jan-24,PE,2200,2.5,3.1,1.8,2.45,2.8,2.45,222,1466.88,1.68,112800,-2400,2987.9
ADANIENT,20-Jan-24,25-Jan-24,PE,2250,-,-,-,3.05,3.05,0.05,-,-,-,9300,-,2987.9
ADANIENT,20-Jan-24,25-Jan-24,PE,2300,3.95,3.95,2.2,3.15,3.15,3.15,157,1084.67,1.37,120900,900,2987.9
ADANIENT,20-Jan-24,25-Jan-24,PE,2350,4,4,2.7,3.8,3.8,3.8,73,515.33,0.68,46800,-3300,2987.9
ADANIENT,20-Jan-24,25-Jan-24,PE,2400,3.1,4.1,2.55,4,4,4,196,1413.11,1.91,214500,-10200,2987.9
ADANIENT,20-Jan-24,25-Jan-24,PE,2450,3,3.95,2.4,3.75,3.65,3.75,35,257.6,0.35,23400,-1200,2987.9
ADANIENT,20-Jan-24,25-Jan-24,PE,2500,4,4.9,2.7,4.3,4.5,4.3,386,2899.3,4.3,294900,-14400,2987.9
ADANIENT,20-Jan-24,25-Jan-24,PE,2550,6.25,6.25,2.6,4.15,4,4.15,148,1133.93,1.73,46500,-900,2987.9
ADANIENT,20-Jan-24,25-Jan-24,PE,2600,6.7,6.7,2.7,4.95,4.9,4.95,595,4648.98,7.98,149100,-15900,2987.9
ADANIENT,20-Jan-24,25-Jan-24,PE,2650,9.55,9.55,2.05,5.95,2.05,5.95,366,2916.37,6.67,43200,-14700,2987.9
ADANIENT,20-Jan-24,25-Jan-24,PE,2700,8.1,11.25,4,7.25,7.3,7.25,1942,15773.06,42.86,396900,-19500,2987.9
ADANIENT,20-Jan-24,25-Jan-24,PE,2750,10.15,15.65,5.2,8.9,7.1,8.9,1369,11333.72,39.47,66600,-17100,2987.9
ADANIENT,20-Jan-24,25-Jan-24,PE,2800,16.2,22.85,7,10.95,7.8,10.95,4270,36033.3,165.3,345600,-48600,2987.9
ADANIENT,20-Jan-24,25-Jan-24,PE,2850,23.4,34.45,10.1,14.25,11.1,14.25,3579,30804.13,203.68,122400,-3300,2987.9
ADANIENT,20-Jan-24,25-Jan-24,PE,2900,39.05,56.1,13.75,20.5,14.4,20.5,7386,65007.39,749.19,400200,-38100,2987.9
ADANIENT,20-Jan-24,25-Jan-24,PE,2950,62,89.1,27.25,34.9,31.3,34.9,1907,17135.29,258.34,218400,33900,2987.9
ADANIENT,20-Jan-24,25-Jan-24,PE,3000,101.2,129.45,50,62.65,57.5,62.65,2323,21422.74,515.74,773400,16800,2987.9
ADANIENT,20-Jan-24,25-Jan-24,PE,3050,139.3,174.05,85.15,97.75,89.75,97.75,144,1366.24,48.64,185400,-5100,2987.9
ADANIENT,20-Jan-24,25-Jan-24,PE,3100,184.9,220.1,116.05,139.15,135.05,139.15,329,3219.56,159.86,376200,-19200,2987.9
ADANIENT,20-Jan-24,25-Jan-24,PE,3150,223.9,264.85,164.3,180.45,180.45,180.45,41,411,23.55,74700,-7500,2987.9
ADANIENT,20-Jan-24,25-Jan-24,PE,3200,270,308.95,214.7,225.5,225.5,225.5,45,467.83,35.83,105600,-6000,2987.9
ADANIENT,20-Jan-24,25-Jan-24,PE,3250,350.45,350.45,275,275,275,270.7,12,127.38,10.38,11400,-300,2987.9
ADANIENT,20-Jan-24,25-Jan-24,PE,3300,395,413.5,314.1,325.3,320,325.3,16,176.32,17.92,62700,-3300,2987.9
ADANIENT,20-Jan-24,25-Jan-24,PE,3350,405.6,405.6,376.85,376.85,376.85,363.4,11,123.42,12.87,21000,-600,2987.9
ADANIENT,20-Jan-24,25-Jan-24,PE,3400,499,501,435,437.45,437.45,411.55,40,461,53,27600,-300,2987.9
ADANIENT,20-Jan-24,25-Jan-24,PE,3450,-,-,-,420.9,420.9,460.4,-,-,-,23400,-,2987.9
ADANIENT,20-Jan-24,25-Jan-24,PE,3500,604.85,604.85,596,596,596,509.7,2,24.6,3.6,81000,-600,2987.9
ADANIENT,20-Jan-24,25-Jan-24,PE,3550,644.15,644.15,644.15,644.15,644.15,559.25,1,12.58,1.93,12000,-300,2987.9
ADANIENT,23-Jan-24,25-Jan-24,PE,1750,-,-,-,2,2,0.05,-,-,-,300,-,2896.55
ADANIENT,23-Jan-24,25-Jan-24,PE,1800,1.1,2.25,0.75,2.15,2.15,2.15,76,410.75,0.35,56400,-,2896.55
ADANIENT,23-Jan-24,25-Jan-24,PE,1850,-,-,-,2.95,2.95,0.05,-,-,-,300,-,2896.55
ADANIENT,23-Jan-24,25-Jan-24,PE,1900,-,-,-,2.45,2.45,0.05,-,-,-,600,-,2896.55
ADANIENT,23-Jan-24,25-Jan-24,PE,1950,-,-,-,179.9,-,0.05,-,-,-,-,-,2896.55
ADANIENT,23-Jan-24,25-Jan-24,PE,2000,0.8,2.5,0.6,2.4,2.45,2.4,75,450.41,0.41,93600,-4500,2896.55
ADANIENT,23-Jan-24,25-Jan-24,PE,2050,-,-,-,3.8,3.8,0.05,-,-,-,300,-,2896.55
ADANIENT,23-Jan-24,25-Jan-24,PE,2100,1,2.25,1,2.2,2.2,2.2,16,100.89,0.09,30900,-900,2896.55
ADANIENT,23-Jan-24,25-Jan-24,PE,2150,2.8,2.8,0.25,2.5,2.45,2.5,13,83.92,0.07,4500,-,2896.55
ADANIENT,23-Jan-24,25-Jan-24,PE,2200,1.15,3.05,1.15,2.8,2.35,2.8,201,1327.9,1.3,107400,-5400,2896.55
ADANIENT,23-Jan-24,25-Jan-24,PE,2250,-,-,-,3.05,3.05,0.05,-,-,-,9300,-,2896.55
ADANIENT,23-Jan-24,25-Jan-24,PE,2300,1.55,3.75,1.25,3.45,2.45,3.45,119,821.87,0.77,110100,-10800,2896.55
ADANIENT,23-Jan-24,25-Jan-24,PE,2350,1.6,4.25,1.4,4,3.1,4,146,1030.27,0.97,37500,-9300,2896.55
ADANIENT,23-Jan-24,25-Jan-24,PE,2400,1.8,4.85,1.45,4.15,3.2,4.15,479,3452.84,4.04,209100,-5400,2896.55
ADANIENT,23-Jan-24,25-Jan-24,PE,2450,1.85,4.9,1.4,4.4,3.45,4.4,162,1192.07,1.37,18900,-4500,2896.55
ADANIENT,23-Jan-24,25-Jan-24,PE,2500,1.9,5.45,1.55,4.8,4.4,4.8,1059,7952.5,10,274800,-20100,2896.55
ADANIENT,23-Jan-24,25-Jan-24,PE,2550,2.1,5.8,1.5,5.05,4.25,5.05,407,3117.2,3.65,27900,-18600,2896.55
ADANIENT,23-Jan-24,25-Jan-24,PE,2600,2.95,6.25,1.45,5.2,4.15,5.2,1304,10185.97,14.77,130800,-18300,2896.55
ADANIENT,23-Jan-24,25-Jan-24,PE,2650,5.95,7.15,2.1,5.65,3.3,5.65,368,2930.72,5.12,50700,7500,2896.55
ADANIENT,23-Jan-24,25-Jan-24,PE,2700,7.25,9,2.45,6.5,4.85,6.5,2967,24078.8,46.1,376200,-20700,2896.55
ADANIENT,23-Jan-24,25-Jan-24,PE,2750,3.15,13.65,3.15,10.5,8.4,10.5,8696,71988.72,246.72,99000,32400,2896.55
ADANIENT,23-Jan-24,25-Jan-24,PE,2800,8.9,21.2,4.15,16.7,13,16.7,16641,140411.39,626.99,389100,43500,2896.55
ADANIENT,23-Jan-24,25-Jan-24,PE,2850,11.1,34.25,5.75,27.9,24,27.9,8331,71596.24,366.19,124800,2400,2896.55
ADANIENT,23-Jan-24,25-Jan-24,PE,2900,14.45,59.3,9.1,49.15,35.55,49.15,10231,89806.65,796.95,332100,-68100,2896.55
ADANIENT,23-Jan-24,25-Jan-24,PE,2950,29.95,97.35,16.75,85.6,82.2,85.6,3532,31647.86,389.66,142500,-75900,2896.55
ADANIENT,23-Jan-24,25-Jan-24,PE,3000,47.95,140,35.45,130.75,120.75,130.75,3866,35546.65,752.65,672300,-101100,2896.55
ADANIENT,23-Jan-24,25-Jan-24,PE,3050,89.95,187.85,70.2,170.8,168.15,170.8,370,3498.5,113,206100,20700,2896.55
ADANIENT,23-Jan-24,25-Jan-24,PE,3100,130.5,233.65,108.8,219,215.75,219,480,4679.96,215.96,327900,-48300,2896.55
ADANIENT,23-Jan-24,25-Jan-24,PE,3150,158.35,279.65,158.35,270.5,263.25,270.5,40,406.4,28.4,68700,-6000,2896.55
ADANIENT,23-Jan-24,25-Jan-24,PE,3200,217,329.15,200.6,314.55,311.15,314.55,120,1238.54,86.54,95100,-10500,2896.55
ADANIENT,23-Jan-24,25-Jan-24,PE,3250,269.9,377.8,269.9,360.95,360.95,360.95,18,192.95,17.45,9600,-1800,2896.55
ADANIENT,23-Jan-24,25-Jan-24,PE,3300,305,426.6,297,417.7,409.8,417.7,117,1299.7,141.4,41700,-21000,2896.55
ADANIENT,23-Jan-24,25-Jan-24,PE,3350,360,474.35,360,463.7,455.85,463.7,38,432.45,50.55,12900,-8100,2896.55
ADANIENT,23-Jan-24,25-Jan-24,PE,3400,400,400,400,400,400,502.15,1,11.4,1.2,27600,-,2896.55
ADANIENT,23-Jan-24,25-Jan-24,PE,3450,-,-,-,420.9,420.9,552.15,-,-,-,23400,-,2896.55
ADANIENT,23-Jan-24,25-Jan-24,PE,3500,593,607.45,593,607.45,607.45,607.45,2,24.6,3.6,80400,-600,2896.55
ADANIENT,23-Jan-24,25-Jan-24,PE,3550,-,-,-,644.15,644.15,652.1,-,-,-,12000,-,2896.55
ADANIENT,24-Jan-24,25-Jan-24,PE,1750,1,1,1,1,1,0.05,1,5.25,-,-,-300,2903.45
ADANIENT,24-Jan-24,25-Jan-24,PE,1800,2.15,2.15,0.6,0.6,0.6,0.6,37,199.9,0.1,54300,-2100,2903.45
ADANIENT,24-Jan-24,25-Jan-24,PE,1850,-,-,-,2.95,2.95,0.05,-,-,-,300,-,2903.45
ADANIENT,24-Jan-24,25-Jan-24,PE,1900,-,-,-,2.45,2.45,0.05,-,-,-,600,-,2903.45
ADANIENT,24-Jan-24,25-Jan-24,PE,1950,-,-,-,179.9,-,0.05,-,-,-,-,-,2903.45
ADANIENT,24-Jan-24,25-Jan-24,PE,2000,1.95,1.95,0.4,0.6,0.4,0.6,29,174.07,0.07,89400,-4200,2903.45
ADANIENT,24-Jan-24,25-Jan-24,PE,2050,-,-,-,3.8,3.8,0.05,-,-,-,300,-,2903.45
ADANIENT,24-Jan-24,25-Jan-24,PE,2100,2,2,0.5,0.85,0.55,0.85,12,75.63,0.03,29400,-1500,2903.45
ADANIENT,24-Jan-24,25-Jan-24,PE,2150,2.45,2.45,0.95,0.95,0.95,0.05,14,90.36,0.06,3900,-600,2903.45
ADANIENT,24-Jan-24,25-Jan-24,PE,2200,1.5,2,0.45,0.55,0.5,0.55,126,831.97,0.37,88500,-18900,2903.45
ADANIENT,24-Jan-24,25-Jan-24,PE,2250,0.3,2.35,0.3,0.45,0.45,0.05,18,121.59,0.09,6300,-3000,2903.45
ADANIENT,24-Jan-24,25-Jan-24,PE,2300,2,2,0.5,0.9,0.5,0.9,171,1180.39,0.49,94500,-15600,2903.45
ADANIENT,24-Jan-24,25-Jan-24,PE,2350,1.8,1.95,0.85,0.85,0.85,0.85,167,1178.1,0.75,40800,3300,2903.45
ADANIENT,24-Jan-24,25-Jan-24,PE,2400,2.45,3,0.8,0.8,0.8,0.8,830,5979.43,3.43,143400,-65700,2903.45
ADANIENT,24-Jan-24,25-Jan-24,PE,2450,3.35,3.35,0.85,1.05,1.35,1.05,201,1478.24,0.89,15600,-3300,2903.45
ADANIENT,24-Jan-24,25-Jan-24,PE,2500,3.8,3.8,1.15,1.6,2.5,1.6,986,7400.84,5.84,263700,-11100,2903.45
ADANIENT,24-Jan-24,25-Jan-24,PE,2550,4.05,4.05,1.3,1.7,2.9,1.7,181,1385.76,1.11,27000,-900,2903.45
ADANIENT,24-Jan-24,25-Jan-24,PE,2600,3.4,4.15,1.25,1.95,2.95,1.95,775,6050.42,5.42,125700,-5100,2903.45
ADANIENT,24-Jan-24,25-Jan-24,PE,2650,1.8,5.05,1.45,2.2,1.7,2.2,520,4138.39,4.39,34800,-15900,2903.45
ADANIENT,24-Jan-24,25-Jan-24,PE,2700,3.2,5.95,1.4,3.15,3.95,3.15,3675,29803.13,35.63,205200,-171000,2903.45
ADANIENT,24-Jan-24,25-Jan-24,PE,2750,10.6,10.6,2.6,4.45,4.15,4.45,1370,11322.24,19.74,72600,-26400,2903.45
ADANIENT,24-Jan-24,25-Jan-24,PE,2800,11.05,16.2,5,6.2,6.8,6.2,4905,41326.48,124.48,339300,-49800,2903.45
ADANIENT,24-Jan-24,25-Jan-24,PE,2850,24.55,28,6.7,8.65,7.45,8.65,3010,25874.02,138.52,80100,-44700,2903.45
ADANIENT,24-Jan-24,25-Jan-24,PE,2900,42.9,50,11,16.45,11,16.45,4825,42400.27,422.77,237600,-94500,2903.45
ADANIENT,24-Jan-24,25-Jan-24,PE,2950,55.45,91.8,47.5,51.05,50,51.05,808,7305.74,154.94,85800,-56700,2903.45
ADANIENT,24-Jan-24,25-Jan-24,PE,3000,101.55,136.85,86.75,97.5,98,97.5,874,8155.56,289.56,578400,-93900,2903.45
ADANIENT,24-Jan-24,25-Jan-24,PE,3050,145.2,178.1,130.95,145.5,150,145.5,343,3290.07,151.62,141000,-65100,2903.45
ADANIENT,24-Jan-24,25-Jan-24,PE,3100,201.45,234.75,179,193.6,195.55,193.6,549,5443.17,337.47,255000,-72900,2903.45
ADANIENT,24-Jan-24,25-Jan-24,PE,3150,239.1,281.55,238.5,245.55,238.5,245.55,68,695.44,52.84,63900,-4800,2903.45
ADANIENT,24-Jan-24,25-Jan-24,PE,3200,301.6,328.15,286.1,296.5,296.05,296.5,52,547.26,48.06,86700,-8400,2903.45
ADANIENT,24-Jan-24,25-Jan-24,PE,3250,347,374.4,338,352.5,352.5,346,12,130.02,13.02,7500,-2100,2903.45
ADANIENT,24-Jan-24,25-Jan-24,PE,3300,389.4,411.45,389.4,390.55,391,390.55,32,354.35,37.55,32700,-9000,2903.45
ADANIENT,24-Jan-24,25-Jan-24,PE,3350,-,-,-,463.7,455.85,446,-,-,-,12900,-,2903.45
ADANIENT,24-Jan-24,25-Jan-24,PE,3400,520,525,490,491.3,492,491.3,25,292.1,37.1,20400,-7200,2903.45
ADANIENT,24-Jan-24,25-Jan-24,PE,3450,-,-,-,420.9,420.9,545.95,-,-,-,23400,-,2903.45
ADANIENT,24-Jan-24,25-Jan-24,PE,3500,584.25,622.9,582.7,622.9,622.9,595.95,4,49.17,7.17,79200,-1200,2903.45
ADANIENT,24-Jan-24,25-Jan-24,PE,3550,630,630,625,625,625,645.95,2,25.07,3.77,11400,-600,2903.45
ADANIENT,25-Jan-24,25-Jan-24,PE,1750,-,-,-,1,1,2893.65,-,-,-,-,-,2893.6
ADANIENT,25-Jan-24,25-Jan-24,PE,1800,0.2,0.5,0.05,0.15,0.15,2893.65,99,534.65,0.05,30000,-24300,2893.6
ADANIENT,25-Jan-24,25-Jan-24,PE,1850,-,-,-,2.95,2.95,2893.65,-,-,-,300,-,2893.6
ADANIENT,25-Jan-24,25-Jan-24,PE,1900,-,-,-,2.45,2.45,2893.65,-,-,-,600,-,2893.6
ADANIENT,25-Jan-24,25-Jan-24,PE,1950,-,-,-,179.9,-,2893.65,-,-,-,-,-,2893.6
ADANIENT,25-Jan-24,25-Jan-24,PE,2000,0.15,0.4,0.05,0.05,0.05,2893.65,212,1272.07,0.07,58200,-31200,2893.6
ADANIENT,25-Jan-24,25-Jan-24,PE,2050,-,-,-,3.8,3.8,2893.65,-,-,-,300,-,2893.6
ADANIENT,25-Jan-24,25-Jan-24,PE,2100,0.3,0.3,0.05,0.05,0.05,2893.65,17,107.11,0.01,25800,-3600,2893.6
ADANIENT,25-Jan-24,25-Jan-24,PE,2150,0.1,0.15,0.1,0.1,0.1,2893.65,4,25.8,-,3300,-600,2893.6
ADANIENT,25-Jan-24,25-Jan-24,PE,2200,0.5,3.25,0.05,0.95,0.1,2893.65,137,904.42,0.22,65100,-23400,2893.6
ADANIENT,25-Jan-24,25-Jan-24,PE,2250,0.45,0.5,0.1,0.5,0.5,2893.65,4,27,-,5400,-900,2893.6
ADANIENT,25-Jan-24,25-Jan-24,PE,2300,0.2,0.45,0.05,0.05,0.05,2893.65,72,496.83,0.03,89400,-5100,2893.6
ADANIENT,25-Jan-24,25-Jan-24,PE,2350,0.3,0.4,0.05,0.1,0.05,2893.65,22,155.11,0.01,38700,-2100,2893.6
ADANIENT,25-Jan-24,25-Jan-24,PE,2400,0.25,0.7,0.05,0.05,0.05,2893.65,184,1324.94,0.14,129600,-13800,2893.6
ADANIENT,25-Jan-24,25-Jan-24,PE,2450,0.25,0.75,0.2,0.2,0.2,2893.65,32,235.25,0.05,15000,-600,2893.6
ADANIENT,25-Jan-24,25-Jan-24,PE,2500,0.55,1.5,0.05,0.1,0.05,2893.65,497,3728.44,0.94,230700,-33000,2893.6
ADANIENT,25-Jan-24,25-Jan-24,PE,2550,0.55,1.5,0.05,0.1,0.05,2893.65,130,994.75,0.25,15600,-11400,2893.6
ADANIENT,25-Jan-24,25-Jan-24,PE,2600,1.6,1.7,0.05,0.05,0.05,2893.65,511,3986.75,0.95,81000,-44700,2893.6
ADANIENT,25-Jan-24,25-Jan-24,PE,2650,0.2,2.1,0.1,0.25,0.1,2893.65,217,1725.89,0.74,18000,-16800,2893.6
ADANIENT,25-Jan-24,25-Jan-24,PE,2700,1,4.15,0.1,0.2,0.1,2893.65,1540,12483.08,9.08,117600,-87600,2893.6
ADANIENT,25-Jan-24,25-Jan-24,PE,2750,1.2,7.05,0.15,0.35,0.15,2893.65,1231,10167.19,11.44,34200,-38400,2893.6
ADANIENT,25-Jan-24,25-Jan-24,PE,2800,4.15,15.15,0.05,0.7,0.05,2893.65,3245,27323.07,65.07,81900,-257400,2893.6
ADANIENT,25-Jan-24,25-Jan-24,PE,2850,1.2,45,0.05,2.15,0.05,2893.65,1279,10996.45,61,30300,-49800,2893.6
ADANIENT,25-Jan-24,25-Jan-24,PE,2900,8.95,92.3,0.05,6.25,0.05,2893.65,1700,15006.09,216.09,53100,-184500,2893.6
ADANIENT,25-Jan-24,25-Jan-24,PE,2950,44.65,142,43.1,65.6,74.45,2893.65,432,3971.78,148.58,18900,-66900,2893.6
ADANIENT,25-Jan-24,25-Jan-24,PE,3000,83,191.7,82,106.1,86.6,2893.65,955,9006.97,411.97,366600,-211800,2893.6
ADANIENT,25-Jan-24,25-Jan-24,PE,3050,142,235.45,132.6,156.35,152,2893.65,94,912.46,52.36,121200,-19800,2893.6
ADANIENT,25-Jan-24,25-Jan-24,PE,3100,180,285.9,180,201.15,197,2893.65,651,6564.41,510.11,136200,-118800,2893.6
ADANIENT,25-Jan-24,25-Jan-24,PE,3150,240,323.6,230.7,239.4,230.7,2893.65,34,349.35,28.05,59700,-4200,2893.6
ADANIENT,25-Jan-24,25-Jan-24,PE,3200,289,389.45,280,304.7,280,2893.65,111,1184.53,118.93,62100,-24600,2893.6
ADANIENT,25-Jan-24,25-Jan-24,PE,3250,347,347,347,347,347,2893.65,5,53.95,5.21,6900,-600,2893.6
ADANIENT,25-Jan-24,25-Jan-24,PE,3300,390,482.75,381.95,391.35,381.95,2893.65,42,470.84,55.04,24600,-8100,2893.6
ADANIENT,25-Jan-24,25-Jan-24,PE,3350,520,520,520,520,520,2893.65,1,11.61,1.56,12600,-300,2893.6
ADANIENT,25-Jan-24,25-Jan-24,PE,3400,500,592.3,500,572,572,2893.65,55,645.61,84.61,4200,-16200,2893.6
ADANIENT,25-Jan-24,25-Jan-24,PE,3450,-,-,-,420.9,420.9,2893.65,-,-,-,23400,-,2893.6
ADANIENT,25-Jan-24,25-Jan-24,PE,3500,594.45,685,594.45,603.05,595,2893.65,244,3012.23,450.23,9900,-69300,2893.6
ADANIENT,25-Jan-24,25-Jan-24,PE,3550,708.05,708.05,708.05,708.05,708.05,2893.65,1,12.77,2.12,11100,-300,2893.6
